-0.786,-0.738,9.923
-0.709,-0.742,10.036
-0.697,-0.8,9.904
-0.606,-0.726,9.552
-0.678,-0.663,9.662
-0.815,-0.704,9.976
-0.865,-0.637,9.978
-0.772,-0.632,9.825
-0.652,-0.745,9.792
-0.808,-0.814,9.768
-0.891,-0.797,9.804
-0.827,-0.793,9.935
-0.791,-0.819,9.861
-0.786,-0.812,9.691
-0.688,-0.685,9.693
-0.499,-0.424,9.868
-0.559,-0.34,9.835
-0.518,-0.524,9.739
-0.537,-0.704,9.665
-0.707,-0.709,9.758
-1.035,-0.702,9.696
-0.87,-0.663,9.593
-0.408,-0.601,9.823
0.049,-0.738,10.383
-0.015,-0.893,10.611
-0.412,-0.958,10.216
-0.635,-0.781,9.602
-0.645,-0.63,9.255
-0.544,-0.642,9.468
-0.494,-0.91,10.05
-0.623,-1.015,10.113
-0.86,-0.955,9.99
-0.683,-0.75,10.01
-0.468,-0.606,10.043
-0.412,-0.807,9.868
-0.377,-0.778,9.595
-0.578,-0.716,9.516
-0.721,-0.28,9.607
-0.887,-0.235,9.768
-0.853,-0.754,10.153
-0.87,-0.886,9.876
-1.064,-0.807,9.502
-1.136,-0.587,9.686
-1.22,-0.515,9.878
-1.162,-0.529,10.062
-1.076,-0.529,9.823
-1.148,-0.488,9.655
-1.172,-0.385,9.82
-1.078,-0.275,9.907
-1.138,-0.393,9.72
-1.124,-0.541,9.682
-1.136,-0.328,9.974
-1.045,-0.297,10.098
-1.04,-0.488,9.794
-1.117,-0.534,9.804
-1.177,-0.644,9.88
-1.155,-0.716,9.761
-1.078,-0.706,9.557
-1.038,-0.553,9.583
-1.05,-0.441,9.974
-1.246,-0.776,10.175
-1.141,-0.716,9.959
-0.992,-0.62,9.72
-0.971,-0.465,9.497
-1.177,-0.529,9.684
-1.191,-0.596,10.022
-0.994,-0.529,10.022
-0.848,-0.453,9.756
-1.018,-0.52,9.792
-1.248,-0.51,9.928
-1.227,-0.453,9.78
-1.198,-0.45,9.763
-1.232,-0.443,9.871
-1.258,-0.479,9.971
-1.21,-0.539,9.916
-1.085,-0.599,9.837
-1.138,-0.692,9.794
-1.234,-0.639,9.773
-1.27,-0.505,9.847
-1.306,-0.637,10.072
-1.344,-0.862,10.105
-1.382,-0.769,9.744
-1.378,-0.517,9.497
-1.308,-0.381,9.734
-1.356,-0.402,9.993
-1.411,-0.625,10.208
-1.49,-0.632,10.117
-1.596,-0.625,9.682
-1.6,-0.611,9.555
-1.457,-0.577,9.789
-1.49,-0.577,9.775
-1.612,-0.625,9.749
-1.677,-0.402,9.83
-1.701,-0.563,9.978
-1.802,-0.711,9.976
-1.847,-0.515,9.538
-1.885,-0.455,9.241
-1.914,-0.328,9.322
-1.797,-0.124,9.756
-1.574,-0.223,10.161
-1.598,-0.302,9.952
-1.723,-0.208,9.547
-1.794,-0.105,9.43
-1.828,-0.093,9.473
-1.665,-0.065,9.799
-1.675,-0.002,10.017
-1.749,-0.136,9.737
-1.895,-0.127,9.339
-1.79,-0.065,9.274
-1.751,-0.409,9.399
-1.964,-0.376,9.473
-2.161,-0.376,9.682
-2.257,-0.414,10.029
-2.293,-0.491,10.307
-2.115,-0.558,10.127
-1.907,-0.599,9.392
-1.897,-0.618,9.454
-1.792,-0.656,9.777
-1.869,-0.448,9.837
-1.984,-0.29,10.343
-2.091,-0.534,9.77
-2.467,-0.584,9.073
-2.276,-0.314,9.174
-2.221,-0.191,9.547
-2.369,-0.29,10.371
-2.542,-0.275,10.424
-2.786,-0.096,9.59
-2.578,0.272,8.719
-2.079,0.327,8.589
-1.727,0.155,9.564
-1.576,-0.158,10.58
-1.485,-0.445,10.659
-1.921,-0.453,9.598
-2.249,-0.251,8.8
-2.206,-0.271,9.126
-1.955,-0.261,10.053
-1.936,-0.194,10.472
-1.758,0.093,10.355
-1.462,0.31,10.261
-1.062,0.406,10.081
-0.793,0.136,9.964
-0.633,-0.302,10.115
-0.422,-0.716,10.481
-0.302,-1.054,10.867
-0.403,-1.133,10.831
-0.391,-1.049,10.34
-0.451,-1.094,9.468
-0.927,-1.133,8.424
-1.145,-0.9,7.926
-1.299,-0.805,8.69
-1.414,-0.97,9.986
-1.622,-1.025,10.364
-1.797,-0.761,9.854
-1.77,-0.594,9.49
-1.404,-1.25,9.444
-0.717,-2.105,9.713
0.085,-2.031,10.149
0.121,-1.976,10.496
-0.563,-1.691,10.505
-0.702,-1.173,10.287
-0.139,-1.058,10.024
-0.132,-0.697,9.868
-0.618,-0.493,9.387
-0.853,-0.108,9.368
-0.942,-0.165,9.744
-0.566,-0.75,10.196
-0.415,-1.032,9.95
-0.779,-0.965,9.401
-0.932,-0.927,9.643
-0.412,-0.941,10.084
0.066,-0.941,9.732
0.169,-0.975,9.38
0.097,-1.26,9.516
0.157,-1.327,10.122
0.214,-0.905,11.341
0.042,-0.594,11.38
-0.384,-0.227,10.256
-0.654,-0.191,9.444
-0.242,0.131,9.389
0.128,0.325,9.219
0.219,-0.024,9.502
-0.008,-0.34,9.59
-0.058,-0.692,9.428
0.066,-1.011,9.617
-0.027,-1.037,10.024
0.034,-0.455,10.156
0.142,-0.266,9.871
0.089,-0.445,9.705
0.221,-0.812,9.234
0.348,-0.591,9.236
0.336,-0.218,10.055
0.633,-0.524,10.889
0.396,-0.757,10.596
-0.31,-0.9,9.701
-0.633,-1.252,8.762
-0.765,-1.49,8.256
-0.899,-1.394,8.877
-0.779,-0.9,10.314
-0.252,-0.342,11.363
-0.31,-0.084,10.944
-0.805,0.148,9.916
-0.532,-0.191,9.389
-0.032,-0.556,9.272
-0.374,0.081,9.1
-1.078,0.152,9.203
-1.399,-0.457,10.043
-2.017,-0.278,10.819
-2.235,0.021,11.126
-1.924,-0.424,11.15
-2.096,-1.07,10.378
-2.465,-1.205,9.411
-2.106,-0.857,9.286
-1.526,-0.242,9.612
-1.059,-0.287,10.213
-1.265,-0.546,10.378
-1.739,-0.589,10.134
-1.706,-0.8,10.323
-1.919,-1.08,9.753
-2.216,-1.217,8.929
-2.484,-1.475,8.683
-2.295,-1.585,9.059
-1.725,-1.686,9.691
-1.426,-1.925,9.677
-1.387,-1.796,9.387
-1.066,-1.451,9.818
-0.887,-1.154,10.189
-1.265,-0.788,10.149
-1.521,-0.496,9.909
-1.361,-0.06,9.653
-1.282,0.466,8.896
-1.236,1.079,8.122
-1.107,1.233,8.266
-0.705,1.039,9.349
-0.35,0.801,10.441
-0.501,0.746,10.661
-1.047,0.648,10.249
-1.342,0.746,9.959
-1.296,0.919,9.799
-1.095,0.89,9.65
-0.896,0.78,9.67
-0.697,0.373,10.254
-0.386,-0.086,10.963
-0.616,-0.34,10.731
-1.32,-0.534,9.964
-1.976,-0.9,9.483
-2.237,-1.193,9.104
-2.103,-0.75,9.076
-1.857,-0.309,9.473
-1.553,-0.22,10.132
-0.978,-0.117,10.891
0.01,-0.084,11.437
0.468,-0.603,11.061
0.315,-1.343,10.161
0.171,-1.887,9.454
0.295,-2.0,9.598
-0.07,-1.925,10.366
-0.496,-1.64,11.092
-0.218,-1.104,10.829
-0.436,-0.436,9.514
-0.578,-0.34,8.498
0.106,-0.484,8.668
1.112,-0.486,9.179
1.687,-0.362,9.485
1.253,-0.682,9.976
0.741,-1.272,10.232
0.818,-1.008,9.952
0.573,-0.642,9.593
0.36,-0.687,9.782
0.521,-0.594,10.299
0.128,-0.747,10.129
-0.492,-1.015,9.638
-1.153,-1.466,9.483
-1.435,-1.581,9.459
-1.689,-1.851,9.044
-1.675,-2.057,9.523
-1.224,-1.487,10.441
-0.808,-0.498,10.45
-0.683,0.131,10.053
-0.947,0.476,9.84
-0.41,0.6,9.684
0.482,0.255,9.816
0.542,0.131,9.559
0.018,0.26,9.238
0.046,0.401,9.471
-0.056,0.411,9.547
-0.343,0.516,9.794
-0.159,0.584,10.522
0.157,0.679,10.992
0.262,1.01,10.309
0.075,1.063,9.713
0.159,0.27,9.641
0.71,-0.168,10.074
0.58,-0.448,10.364
-0.331,-0.965,10.302
-0.959,-1.353,10.091
-1.131,-1.31,9.368
-1.629,-1.327,8.929
-1.878,-1.446,9.48
-1.16,-0.912,9.986
-0.726,0.172,9.801
-1.002,0.54,9.102
-1.265,0.279,8.458
-1.033,-0.036,8.165
-0.719,-0.469,8.692
-0.908,-0.867,10.014
-1.351,-1.241,10.999
-1.126,-1.264,11.71
-0.724,-1.274,12.448
-0.496,-1.183,12.333
-0.31,-1.291,11.48
-0.223,-1.238,10.388
-0.515,-1.058,9.322
-0.81,-1.207,8.987
-0.896,-1.645,9.289
-0.997,-1.894,10.002
-0.777,-1.93,11.042
-0.587,-1.846,11.818
-0.798,-1.514,11.665
-0.597,-0.891,10.716
0.087,-0.505,9.579
-0.355,-0.306,8.949
-0.671,-0.117,8.817
-0.391,-0.359,8.781
-0.544,0.064,8.551
-1.222,0.346,7.919
-1.634,-0.069,7.679
-1.473,0.131,7.794
-1.272,0.643,8.474
-1.229,1.175,9.44
-1.153,1.58,9.667
-0.75,1.908,9.224
-0.127,2.619,9.088
0.659,3.07,9.543
1.344,2.897,10.266
1.261,1.977,10.242
0.015,0.734,9.203
-1.153,0.354,7.83
-1.974,0.301,7.282
-2.331,0.378,7.971
-2.015,0.294,9.964
-1.426,0.248,11.487
-0.98,0.093,11.066
-1.181,-0.244,10.108
-1.172,-0.769,10.326
-0.697,-1.176,11.619
-0.23,-1.346,12.088
-0.657,-2.093,11.42
-1.541,-2.893,10.697
-1.109,-2.555,9.844
-1.165,-1.185,9.722
0.185,0.435,10.441
-1.564,-0.163,8.934
-0.652,-0.615,12.177
-0.269,-1.449,9.001
-1.2,0.088,8.189
-0.602,1.736,8.98
1.368,1.812,9.186
-0.384,1.249,8.249
-2.281,0.967,7.102
0.331,-1.514,13.08
-1.679,-5.391,10.8
-1.16,-4.4,12.285
-0.58,-1.76,8.836
0.094,1.096,9.361
1.203,2.727,9.26
-0.664,-0.309,5.567
-0.48,0.854,8.817
0.147,0.639,10.223
-0.726,-4.285,9.614
0.913,-3.351,14.191
2.188,-5.027,14.048
2.599,0.447,12.395
0.461,3.077,9.574
-0.159,-0.424,6.58
-1.893,-0.742,1.55
0.295,1.896,15.154
0.209,-1.497,5.754
-1.239,-0.68,10.936
0.099,-1.432,11.2
1.189,-4.512,14.201
-0.602,-0.862,8.438
0.398,-0.644,13.674
-0.183,3.628,7.943
1.996,-0.266,10.642
0.592,1.616,9.907
-0.721,-0.311,6.214
-0.944,-5.484,8.328
1.419,-3.125,12.999
0.202,1.798,8.795
-0.283,1.503,11.38
-0.441,4.31,9.341
-1.809,0.504,8.314
-0.697,-2.685,10.905
-0.733,-1.746,7.457
-1.136,-1.039,9.899
-0.19,-0.51,11.044
0.422,2.389,7.916
-1.124,0.461,11.097
0.051,0.033,11.262
-0.98,-1.628,8.688
-1.076,-1.791,8.728
-1.682,-1.803,10.604
-0.144,-0.532,9.928
-0.492,0.701,9.555
-1.232,2.346,7.222
0.298,3.666,9.303
0.643,0.488,7.84
-1.744,-3.351,9.605
0.537,-5.731,11.48
0.056,-2.282,11.507
-0.69,-0.659,9.571
-0.721,-0.218,11.152
1.541,0.964,11.356
0.252,1.257,8.041
-0.377,1.06,6.676
-0.602,-0.024,6.142
-0.468,-0.465,5.739
0.228,0.133,7.476
0.679,0.102,10.831
1.263,0.088,12.864
1.505,-0.144,13.03
0.192,-0.577,11.372
-1.435,-0.366,9.126
-1.347,-0.536,8.97
0.597,-0.678,10.393
1.67,-1.226,10.359
1.021,-2.05,9.535
0.786,-2.46,10.659
0.446,-2.737,10.766
-1.43,-2.733,9.258
-1.689,-2.153,9.471
-0.254,-1.566,10.929
-0.549,-1.207,10.034
-1.485,-0.282,7.835
-0.956,0.236,7.32
-0.398,0.119,6.827
-0.3,0.172,6.772
-0.151,0.675,8.304
0.741,1.211,11.023
2.068,1.661,13.516
3.486,2.452,13.267
3.186,2.562,11.028
1.45,1.697,8.757
0.317,-0.309,7.567
-0.254,-0.644,7.356
-1.052,-0.263,7.272
-1.531,-0.438,7.777
-1.373,-0.85,9.358
-1.102,-1.262,11.277
-0.978,-0.86,13.066
-1.033,-0.474,13.154
-1.821,-1.051,11.224
-2.18,-1.492,9.337
-2.317,-2.457,8.604
-1.124,-3.14,9.37
0.209,-3.64,11.061
0.664,-4.208,11.236
0.305,-4.838,9.818
-0.108,-3.145,10.412
-0.868,-1.573,9.375
-1.205,-0.443,8.522
-1.363,0.334,9.787
-0.513,0.492,11.899
0.722,0.504,12.311
0.868,0.342,10.204
0.619,-0.031,8.661
0.885,-1.219,8.453
0.87,-1.727,9.044
0.571,-0.989,10.915
0.964,-0.108,12.069
0.616,0.193,10.908
-0.453,-0.18,9.286
-0.659,-0.809,8.791
0.236,-0.508,9.088
0.724,-0.342,9.672
0.81,-0.62,10.125
0.533,-1.291,10.005
-0.283,-1.348,9.581
-0.599,-1.037,9.595
-0.015,-0.611,10.304
0.152,0.049,10.407
-0.192,0.104,10.108
-0.812,-0.385,9.48
-1.114,-0.374,8.113
-1.052,-0.189,6.978
-0.927,-0.103,6.76
-1.006,-0.326,8.103
-0.724,-0.603,10.896
0.006,-0.39,13.293
0.976,0.2,13.197
1.313,0.222,11.365
1.306,-0.021,10.019
1.083,-0.381,8.448
0.54,-0.625,6.798
-0.192,-1.214,7.428
-0.07,-1.296,9.121
0.288,-1.063,9.825
0.089,-0.857,10.378
-0.319,-0.625,10.52
-1.529,-0.06,9.969
-1.591,0.298,8.798
-0.983,-0.153,7.904
-0.793,-0.254,7.279
-0.834,-0.524,7.469
-0.566,-1.205,9.602
0.015,-1.442,11.739
0.921,-1.123,12.201
1.337,-1.157,11.633
1.093,-1.281,10.769
-0.07,-1.073,10.0
-0.815,-0.946,10.414
-0.151,-0.965,11.439
0.362,-0.917,11.159
0.025,-1.221,10.625
-0.408,-2.29,11.411
-0.798,-2.828,12.424
-1.114,-2.491,12.268
-0.76,-1.801,11.406
-0.24,-1.351,10.877
-0.161,-1.48,11.186
0.374,-1.394,11.092
0.432,-0.867,9.511
-0.149,-0.505,8.448
-0.415,-0.857,9.123
-0.333,-0.982,9.825
-0.527,-0.465,9.562
-0.975,0.32,8.846
-1.244,0.878,8.649
-0.915,1.103,8.853
-0.496,1.494,8.812
-0.494,2.037,8.139
-0.401,2.399,7.617
-0.492,2.294,7.543
-0.496,1.673,7.064
-0.513,0.842,7.294
-0.803,0.507,8.302
-1.033,0.974,9.02
-1.289,0.94,9.193
-1.454,0.66,9.274
-1.624,0.471,9.344
-1.62,0.404,9.674
-1.248,0.296,10.316
-0.599,-0.105,11.279
0.034,-0.773,12.417
0.482,-1.722,12.601
0.374,-2.517,11.152
-0.398,-2.785,9.691
-1.227,-2.757,9.408
-1.66,-2.448,9.238
-1.967,-1.957,9.528
-1.644,-1.657,10.999
-0.683,-1.652,11.859
-0.611,-1.461,11.483
-0.489,-1.236,11.928
0.135,-1.329,12.117
-0.034,-0.802,9.708
-0.705,-0.515,8.364
-0.508,-1.087,9.492
0.152,-1.248,10.283
-0.444,-0.74,9.911
-0.987,-0.814,10.259
-0.647,-0.565,11.322
-0.757,0.172,11.298
-1.452,0.95,10.01
-1.636,1.125,9.344
-1.248,0.739,9.579
-0.547,0.701,9.294
-0.317,0.6,8.534
-0.427,-0.148,8.652
-0.599,-0.699,9.337
-0.642,-0.06,9.48
-0.968,0.631,8.731
-1.284,0.775,7.876
-1.15,0.536,7.804
-0.386,0.301,8.838
0.334,0.025,9.284
0.006,-0.469,8.688
-0.262,-0.702,8.465
-0.075,-0.747,8.465
-0.329,-0.153,8.292
-0.556,0.095,9.241
0.133,0.119,11.389
1.028,0.241,12.785
1.237,0.112,12.505
0.504,-0.733,12.132
-1.538,-2.048,9.698
-2.151,-1.389,10.501
-1.387,-0.285,7.933
0.475,0.629,9.464
-0.274,0.322,9.152
0.216,-0.778,9.066
-0.434,-0.785,10.553
0.135,-0.795,10.228
0.427,-0.354,10.465
0.123,-0.682,9.837
0.413,-0.618,11.404
0.497,0.787,9.555
0.171,-0.112,9.588
-0.511,-0.785,8.716
-0.065,-1.418,10.285
-0.42,-0.979,8.843
0.573,-0.972,10.381
1.309,0.641,8.894
1.44,2.782,11.665
-0.063,0.049,8.062
0.918,-1.923,12.335
-1.471,-2.29,7.629
-0.525,-2.4,10.484
0.276,-0.503,9.756
0.31,-0.287,8.932
0.018,-0.342,11.835
0.779,1.714,9.346
0.602,1.072,10.031
-0.504,-0.292,8.997
0.176,-1.988,11.641
-0.223,-2.404,8.563
0.401,-1.662,11.274
-0.463,0.1,9.341
-0.226,0.291,8.541
-0.456,0.691,9.907
-0.726,0.021,8.24
0.43,-0.172,10.074
-0.887,-0.479,9.849
-0.863,-1.348,9.624
0.19,-1.324,10.503
-0.336,-0.268,9.59
0.202,0.258,10.726
-0.305,-0.335,8.417
0.406,0.076,11.717
-0.104,-0.879,9.602
-0.82,-1.753,9.241
0.164,-0.709,11.717
0.171,-1.082,9.6
-0.345,-0.141,8.956
0.2,0.1,9.84
-0.02,-0.268,9.109
1.141,-0.601,12.009
-0.985,-1.882,8.673
-0.276,-0.479,8.621
1.361,0.064,12.328
0.049,-1.066,9.179
-0.532,-1.49,10.038
-0.621,-0.266,8.47
0.394,-0.345,9.957
-0.185,-1.138,9.123
-0.341,-1.334,11.133
-0.903,-0.884,8.343
0.339,-0.56,10.165
0.355,-0.939,11.545
-0.024,-1.176,9.904
-0.436,-1.176,9.303
-0.417,-1.236,8.089
-0.551,-1.02,7.15
-1.085,-0.639,7.938
-0.549,-0.304,8.826
-0.547,-0.493,8.757
-0.738,-0.364,10.302
0.501,-0.556,11.847
0.461,-0.287,9.895
-0.719,-0.019,8.403
-0.108,-0.941,10.29
1.33,-1.334,10.537
0.825,-1.264,9.353
-0.24,-1.981,10.012
0.195,-2.043,11.257
0.087,-1.387,10.316
-0.635,-0.898,10.005
-0.446,-1.379,11.123
0.157,-1.003,10.517
-0.374,-0.441,8.721
-0.429,-0.51,8.144
0.116,-0.711,8.498
0.475,-0.407,8.906
0.521,-0.18,8.831
0.192,-0.017,8.336
-0.111,0.066,7.263
-0.963,0.138,6.805
-0.729,0.679,8.367
0.43,0.598,11.188
1.718,1.213,12.841
1.891,1.168,11.966
1.172,-0.642,10.788
0.588,-1.593,9.195
0.48,-1.276,8.477
0.75,-1.434,9.006
0.406,-2.244,10.352
0.269,-3.13,12.611
0.861,-3.71,13.348
0.437,-4.184,12.017
0.204,-4.347,11.629
1.524,-4.047,11.574
1.713,-3.521,9.382
1.366,-3.104,9.586
1.541,-2.663,8.786
1.206,-1.787,7.112
0.54,-1.607,7.708
0.691,-1.461,8.592
0.944,-1.202,8.474
0.547,-0.579,9.023
0.303,0.078,10.419
0.81,0.77,10.541
1.024,1.613,9.696
1.194,2.191,9.363
1.759,2.052,9.471
2.346,1.393,8.707
2.257,0.622,7.464
1.318,-0.261,6.704
0.185,-0.659,7.001
0.154,-0.534,9.119
1.361,-0.266,13.049
2.528,-0.096,14.373
1.354,-0.572,11.499
-0.511,-1.296,9.82
-0.554,-1.652,10.474
0.815,-1.475,9.569
1.057,-1.715,9.023
1.016,-2.804,11.324
1.555,-3.106,12.441
1.081,-1.897,11.071
-0.116,-1.396,9.325
-1.15,-1.825,9.296
-0.587,-2.21,11.296
0.315,-2.495,12.024
-0.151,-2.079,11.016
0.209,-2.292,11.377
1.045,-2.261,10.381
0.552,-1.65,7.749
-0.36,-1.492,6.99
-0.271,-1.475,7.71
0.054,-1.19,8.391
0.329,-0.817,9.358
0.638,-0.687,10.352
0.796,-0.682,9.758
0.089,-0.639,7.971
-0.626,-0.333,7.322
-0.18,-0.311,7.88
1.031,-0.383,9.009
1.886,-0.441,10.69
2.039,-1.226,11.614
1.385,-1.473,10.637
0.413,-0.771,9.567
0.013,-0.431,9.971
0.667,-0.896,11.425
1.103,-1.32,12.321
0.645,-1.806,11.305
-0.896,-2.105,10.235
-0.726,-1.499,10.216
0.659,-0.831,10.022
0.894,-0.644,9.236
0.207,-0.73,8.692
-0.092,-0.417,8.235
-0.262,-0.017,7.809
-0.393,0.406,7.67
0.224,0.715,8.86
1.414,0.936,10.295
1.771,0.684,10.642
1.127,0.107,11.329
1.107,-0.556,12.345
1.649,-0.563,11.588
1.088,-1.178,9.658
0.954,-2.124,9.473
1.414,-2.419,11.016
0.968,-2.146,9.729
-0.178,-1.403,7.509
-0.743,-1.212,7.785
-0.441,-1.394,8.898
-0.168,-1.815,9.818
-0.171,-1.626,11.432
0.499,-1.588,12.098
1.119,-1.358,11.138
0.669,-0.896,9.878
0.307,-0.539,8.506
0.3,-0.421,8.0
0.504,-0.647,8.925
1.067,-1.085,9.571
1.045,-1.214,8.917
-0.149,-1.231,9.025
-0.671,-1.248,10.529
-0.118,-0.908,12.065
0.976,-0.12,12.182
0.913,-0.177,10.642
0.707,-0.57,9.222
0.365,-1.193,8.108
0.104,-0.92,7.663
0.37,-0.68,8.819
0.47,-0.424,9.722
0.116,-0.326,9.749
-0.271,-0.187,10.728
0.145,0.425,11.054
0.873,1.046,9.638
0.487,1.383,7.77
-0.094,1.41,7.737
0.269,0.375,8.803
0.499,-0.393,9.624
0.609,-0.714,10.29
0.65,-1.648,11.535
0.554,-2.639,12.785
0.18,-3.331,12.256
-0.561,-3.566,9.935
-1.342,-3.257,8.091
-1.2,-2.381,7.195
-0.971,-1.446,6.534
-1.181,-0.864,6.357
-0.906,-0.56,6.855
-0.494,0.071,8.446
0.425,0.557,11.547
2.053,0.646,13.822
3.399,1.209,14.127
3.565,2.011,13.724
3.045,2.662,12.041
2.561,2.509,9.382
1.584,-0.579,8.314
0.602,-2.352,10.4
0.933,-2.22,11.837
1.031,-1.607,10.786
0.054,-1.147,9.198
-1.632,-1.509,9.67
-2.072,-2.761,10.905
-1.023,-4.069,11.454
-0.393,-4.414,11.461
-0.65,-4.555,9.928
-1.191,-4.797,8.185
1.522,0.057,9.164
0.08,2.119,7.842
1.673,0.936,10.683
-0.18,-0.371,8.721
-1.818,-2.304,8.465
0.631,-0.639,12.57
0.705,-1.734,9.78
0.571,-0.742,11.454
-2.242,-0.591,7.71
-0.47,-3.037,9.169
0.803,-0.34,8.656
-0.151,-0.524,7.418
0.267,0.581,11.772
-0.575,-3.034,7.957
-0.983,-2.723,9.684
-0.551,-0.694,8.944
-0.353,-1.861,9.672
0.913,0.207,10.661
1.117,-0.369,8.393
0.248,-0.805,11.356
-0.159,-1.262,9.305
-0.973,-2.771,7.823
0.317,-0.548,10.187
0.08,-2.28,7.852
-0.499,-1.856,13.154
0.533,-1.523,8.539
0.336,-2.251,11.856
-0.523,-0.05,7.466
2.501,1.118,12.203
0.559,-0.996,8.405
0.212,-0.232,10.719
-0.599,-1.602,9.313
0.394,-2.733,11.892
0.667,-2.371,9.586
-0.276,-1.427,9.564
0.782,0.627,9.787
1.129,-0.56,9.284
-0.305,-0.615,7.703
0.147,-2.067,11.348
0.75,-5.204,9.842
0.468,-2.146,10.529
-0.925,-0.778,7.854
0.928,0.988,10.11
2.365,1.206,8.695
0.542,-0.146,9.265
-1.871,-1.564,8.671
0.276,-2.91,9.179
1.852,-2.16,10.85
-0.595,-2.721,9.339
0.116,-2.258,12.841
1.361,-2.86,9.693
0.942,-2.682,9.921
-0.089,0.509,7.641
1.807,2.468,8.371
0.195,-0.041,6.391
-1.569,-4.201,10.031
0.255,-3.298,9.179
2.564,-0.769,13.264
0.317,-0.024,12.649
-0.544,-1.339,8.987
1.567,-3.269,11.212
-0.882,0.076,8.156
0.243,-2.33,10.113
-0.911,-1.875,8.829
2.422,-0.8,11.32
2.092,-0.508,9.231
1.014,-0.558,8.577
1.045,-1.391,8.939
0.65,-1.873,8.915
0.58,-1.981,10.283
1.416,-2.536,12.8
1.823,-2.297,11.986
0.698,-1.928,10.204
-0.844,-2.079,9.701
-0.523,-1.997,10.865
0.885,-2.393,11.028
0.612,-2.852,10.666
-0.075,-3.195,11.856
-0.326,-2.318,11.116
-0.171,-1.011,9.737
0.068,-1.03,10.508
1.261,-1.715,12.29
2.559,-1.904,13.032
2.056,-1.188,10.812
0.142,-0.505,7.77
-0.822,-1.233,6.726
-0.549,-2.0,6.786
-0.017,-2.009,6.867
-0.106,-2.227,6.707
-0.832,-2.512,7.057
-1.785,-2.943,8.165
-2.609,-3.351,9.466
-2.882,-2.972,10.539
-2.032,-2.222,10.24
-0.671,-2.117,9.957
-0.439,-1.921,9.689
-0.805,-1.308,8.491
-0.448,-0.936,7.471
0.231,-0.168,7.267
0.509,0.816,7.181
0.911,1.304,8.244
1.182,-0.512,10.649
1.263,-1.047,12.237
0.923,-0.366,10.575
-0.204,-0.129,7.514
-1.55,-0.141,6.331
-1.687,0.078,7.715
-0.779,0.035,9.976
0.295,-0.108,12.476
1.886,-0.409,14.412
2.75,-1.161,13.806
2.192,-1.581,12.908
1.864,-1.03,12.62
3.059,-1.061,11.035
2.243,-1.849,9.734
-0.144,-2.29,10.589
0.111,-2.603,12.659
0.942,-2.876,12.436
0.624,-2.749,10.546
-0.93,-3.157,9.746
-1.291,-3.762,10.644
0.401,-3.885,11.358
0.93,-3.614,10.067
0.092,-3.358,9.66
0.281,-2.84,9.907
0.324,-1.684,8.642
-0.216,-0.692,7.629
-0.116,-0.249,7.509
-0.039,-0.256,6.925
-0.626,-0.088,6.317
-1.076,0.416,7.571
-0.472,0.83,9.679
0.636,0.152,9.823
1.167,-0.06,7.9
-0.269,-0.345,7.037
-0.599,-1.181,7.799
0.2,-1.183,8.134
0.054,-0.644,7.619
-0.415,-0.85,8.886
0.398,-1.997,11.751
1.594,-2.481,13.003
1.038,-1.844,11.471
0.106,-1.789,10.326
0.271,-1.957,9.55
1.15,-1.377,8.862
1.335,-1.463,9.195
1.062,-1.88,9.418
0.212,-2.232,9.78
-0.293,-2.402,10.898
-0.187,-2.031,11.693
0.204,-1.36,12.431
1.004,-1.226,11.909
0.638,-0.893,9.44
-0.127,-0.309,7.847
-0.286,0.002,7.892
0.528,0.023,8.877
2.209,-0.69,10.802
2.537,-1.696,11.526
0.921,-1.935,10.695
-0.92,-2.124,10.783
-1.493,-1.712,11.854
0.372,-1.418,11.705
1.689,-1.94,10.388
1.548,-2.625,10.019
1.232,-2.814,10.92
0.722,-2.517,9.847
0.188,-2.404,8.882
0.058,-3.281,9.974
0.432,-3.849,11.042
-0.144,-3.748,10.707
-1.124,-3.374,10.369
-1.414,-2.85,9.373
-1.145,-1.502,7.773
-1.114,-0.505,6.882
-0.896,-0.364,7.215
-0.199,-0.747,8.791
0.408,-1.042,9.871
0.856,-0.266,9.995
1.27,1.07,10.299
1.996,1.692,10.398
2.396,1.659,9.919
2.599,2.021,9.399
2.353,1.278,8.613
0.928,-0.436,7.246
-0.099,-0.898,6.594
-0.573,-1.322,7.828
0.36,-1.485,11.195
1.335,-0.781,13.451
0.614,-0.256,13.138
-0.662,-0.752,12.484
-1.057,-1.358,11.607
-0.803,-1.878,9.737
-0.489,-2.963,8.513
0.125,-4.613,9.059
0.176,-6.495,9.61
-0.832,-6.807,10.35
-0.877,-4.538,10.434
-0.504,-2.165,8.783
-0.573,-1.384,8.836
-0.535,-0.85,9.408
-0.688,0.595,9.37
-0.82,2.234,8.637
-0.204,3.177,8.489
0.849,2.797,8.041
1.462,2.037,7.322
1.718,2.368,7.646
2.403,2.995,9.499
2.274,1.824,10.287
0.312,0.049,8.982
-0.559,0.581,8.774
0.123,0.476,10.412
0.851,0.107,12.263
0.533,-0.709,13.018
-0.717,-2.706,11.983
-1.524,-5.252,11.09
-1.541,-7.125,11.832
-1.184,-7.386,11.854
-0.82,-6.545,10.041
-1.268,-6.629,7.821
-1.198,-5.264,8.084
-0.197,-3.133,9.974
0.034,-2.752,10.031
-0.465,-1.514,8.752
-0.812,0.423,8.254
-0.187,2.147,9.598
0.774,3.455,11.866
2.583,3.503,12.424
3.713,3.019,11.301
3.167,2.782,9.42
2.58,1.992,7.545
1.445,-0.967,8.182
0.954,-1.981,9.339
1.649,-1.54,9.837
1.22,-1.025,9.593
-0.709,-1.023,9.353
-2.249,-1.145,9.71
-1.754,-0.778,10.628
-1.536,-3.231,7.502
0.073,-3.995,8.438
-0.935,-3.051,7.325
-1.644,-2.096,9.722
0.101,-2.431,13.499
1.742,-0.12,13.217
2.094,2.679,11.447
2.767,3.247,11.475
3.062,1.745,10.721
3.33,-0.532,9.655
2.312,-2.306,9.588
1.249,-2.627,9.873
0.65,-2.402,10.63
0.707,-1.619,11.334
0.473,-0.843,10.462
-0.81,-0.472,8.429
-1.814,-0.29,7.059
-1.761,-0.208,7.351
-1.301,-0.455,8.683
-0.642,-0.967,10.201
0.283,-2.158,11.82
1.244,-3.257,12.218
1.009,-4.055,10.649
0.089,-4.136,8.951
-1.706,-3.533,8.565
-2.331,-2.464,8.453
-1.512,-1.061,8.321
-1.081,-0.335,8.223
-1.184,0.124,7.845
-1.512,0.265,7.617
-1.6,0.387,8.53
-0.705,0.248,9.88
0.667,-0.275,9.928
0.719,-0.254,8.788
-0.566,-0.29,8.448
-0.939,-0.615,9.385
0.207,-0.273,10.654
1.124,0.648,10.62
1.608,0.811,10.604
2.441,0.148,11.849
3.105,-0.223,12.364
3.385,0.047,11.15
2.441,-0.534,10.343
0.954,-1.252,10.254
0.257,-1.327,9.284
-0.913,-1.363,9.135
-1.766,-2.199,10.829
-1.493,-2.951,12.163
-0.791,-2.134,11.447
-0.384,-1.609,9.734
0.001,-2.139,8.407
0.384,-1.854,7.373
0.379,-1.329,6.712
0.693,-1.209,7.308
1.646,-1.401,9.787
2.817,-1.552,12.311
2.947,-1.655,12.932
1.735,-1.334,12.96
1.124,-1.7,12.927
0.909,-2.898,11.624
0.43,-3.509,10.031
-0.168,-3.973,10.661
-0.185,-4.673,12.057
0.315,-4.713,11.703
-0.587,-4.246,10.029
-2.048,-4.021,9.248
-2.793,-3.681,8.63
-3.104,-2.912,7.116
-3.15,-1.885,6.51
-3.399,-1.667,6.913
-3.346,-1.516,7.164
-2.673,-1.423,7.957
-1.359,-2.196,10.189
0.111,-2.632,11.842
1.606,-1.106,11.063
2.434,0.289,9.15
2.446,0.957,7.696
1.831,1.709,6.985
1.728,1.491,6.166
1.742,1.616,6.036
1.706,2.104,6.52
1.366,2.471,8.635
0.089,0.737,11.126
-0.022,0.334,11.437
-0.353,0.971,10.285
-1.701,0.811,9.705
-2.556,0.239,9.978
-2.024,-0.639,10.4
-0.48,-1.332,10.826
0.762,-1.993,11.653
1.756,-2.943,12.309
2.204,-3.765,12.34
1.433,-3.394,12.168
-0.52,-3.161,11.679
-1.057,-2.467,10.05
-1.126,-1.485,8.932
-1.612,-1.193,8.656
-1.917,-1.118,8.836
-1.871,-0.915,9.435
-1.174,-1.176,10.007
-0.535,-2.249,10.256
-0.372,-2.886,10.017
-0.365,-2.795,9.349
-0.058,-1.662,8.585
-0.207,-0.704,7.897
-0.666,0.128,7.607
-0.575,0.876,8.278
0.147,0.995,9.428
0.849,0.854,10.204
1.067,0.368,10.951
1.261,-0.941,12.625
1.421,-1.954,13.312
1.244,-2.527,12.929
0.889,-2.888,11.607
0.094,-3.511,10.065
-0.932,-4.256,10.946
-1.517,-4.979,11.935
-1.318,-5.422,10.161
-1.941,-5.489,8.613
-2.705,-5.195,8.896
-2.089,-4.091,8.776
-0.915,-2.855,7.382
-0.714,-2.175,7.445
-1.119,-1.851,8.522
-1.006,-0.984,9.329
-0.355,0.378,9.14
0.858,1.621,8.513
1.574,3.129,8.261
2.231,2.986,8.158
2.724,2.516,9.629
3.474,2.921,10.869
3.704,2.933,10.046
3.778,1.486,9.02
2.336,-1.48,9.571
1.359,-1.72,9.408
1.16,-0.175,8.712
0.209,0.816,8.805
-1.536,-0.012,9.646
-3.703,-2.364,10.697
-4.173,-4.711,12.041
-3.857,-5.655,13.887
-4.35,-6.5,13.593
-3.71,-7.453,10.575
-2.501,-7.719,7.651
-1.67,-7.319,6.154
-1.39,-6.639,6.29
-0.154,-4.783,8.747
0.197,-3.18,11.332
-0.47,-1.933,10.776
-0.64,-0.884,9.145
-0.458,0.464,8.601
0.123,3.07,8.997
0.561,4.128,10.158
1.086,3.58,11.219
2.24,2.619,10.889
2.81,0.104,9.986
2.307,-1.7,9.612
1.105,-1.427,8.944
-0.077,-0.596,8.273
-0.709,0.509,7.797
0.08,1.041,8.194
0.518,1.015,9.2
0.477,0.919,10.237
0.758,0.545,11.121
1.081,0.548,10.862
0.449,-0.342,10.043
-0.01,-1.085,10.235
-0.118,-1.334,10.149
-0.686,-1.343,9.349
-1.888,-1.655,9.162
-2.518,-2.208,9.784
-2.714,-2.261,10.64
-2.53,-1.923,10.855
-1.636,-2.096,9.919
-1.284,-2.522,8.838
-1.521,-2.232,8.371
-1.071,-1.003,8.673
-0.379,-0.905,9.478
0.037,-1.145,9.272
-0.207,-0.898,8.398
-0.556,-0.338,8.829
0.403,-0.213,10.98
1.811,-0.201,11.53
1.409,-0.409,9.813
-0.362,-1.923,9.006
-0.841,-3.568,10.537
0.008,-3.703,11.866
-0.123,-3.183,10.754
-1.241,-2.905,9.607
-1.962,-2.816,10.103
-2.17,-2.297,10.077
-2.443,-1.966,8.565
-2.443,-2.127,7.349
-2.214,-3.025,6.822
-2.623,-4.337,8.055
-2.309,-4.347,10.604
-0.666,-3.394,12.007
-0.664,-3.26,11.95
-0.889,-1.674,11.413
0.204,1.187,10.161
1.936,3.211,9.782
2.971,3.817,10.357
2.599,2.923,9.313
2.372,2.294,7.866
2.971,2.583,8.659
2.437,0.394,11.243
0.76,-1.607,12.584
0.667,-1.169,13.332
0.432,-1.104,12.702
-1.097,-0.903,10.237
-2.678,-0.845,7.88
-3.416,-1.197,7.298
-2.97,-0.927,7.236
-1.641,-1.068,7.219
-1.109,-1.976,8.8
-0.65,-2.898,10.441
-0.717,-3.293,10.036
-1.26,-2.304,9.169
-1.301,-1.49,9.83
-1.478,-0.845,9.193
-1.579,0.219,8.122
-1.387,1.146,8.252
-0.793,1.094,9.171
-0.41,-0.194,9.873
-0.628,-1.446,10.014
-0.427,-2.062,10.714
-0.453,-2.769,10.977
-1.653,-3.116,9.528
-3.26,-2.555,8.759
-3.263,-1.763,9.135
-2.319,-1.346,8.63
-1.96,-1.219,8.403
-1.562,-1.569,9.876
-0.65,-1.607,10.422
-0.362,-1.188,9.262
-0.82,-1.066,9.145
-0.98,-1.288,10.129
-0.585,-1.37,10.944
-0.523,-1.047,11.327
-0.377,-0.685,11.813
0.145,-0.065,10.814
0.08,0.653,8.355
-0.499,0.828,6.927
-1.088,-0.065,7.603
-1.165,-0.776,9.337
-0.499,-0.905,10.989
-0.135,-0.587,13.056
-0.144,-0.414,12.903
-0.803,-0.405,10.764
-1.32,-0.726,9.77
-1.016,-1.439,9.428
-0.523,-1.787,8.944
-0.204,-2.725,10.127
-0.312,-3.954,12.302
-0.93,-4.115,12.661
-1.854,-3.291,10.632
-2.566,-2.313,8.534
-3.107,-1.212,7.49
-2.515,-0.896,8.185
-1.665,-0.476,8.937
-1.042,-0.175,9.509
-0.561,-0.086,9.847
-0.252,0.097,9.619
-0.355,0.205,8.721
-1.109,0.363,7.483
-1.131,0.291,6.958
-0.714,0.066,6.611
-0.87,0.277,6.422
-0.796,-0.484,8.019
-0.017,-2.026,10.58
0.722,-2.565,11.626
0.489,-2.505,11.645
-0.851,-2.977,11.186
-2.338,-3.025,10.314
-2.762,-2.78,9.689
-1.957,-2.079,9.698
-1.011,-2.225,9.969
-0.357,-3.25,10.153
0.015,-3.406,9.624
-0.331,-2.237,9.363
-0.192,-1.6,9.995
-0.384,-1.011,10.364
-0.688,-0.546,11.174
0.01,-0.206,11.724
0.681,0.785,10.738
0.54,1.575,9.404
0.379,0.449,8.45
0.64,-1.049,8.556
0.48,-1.08,9.614
0.341,-0.726,11.147
0.782,-0.706,11.966
0.372,-0.838,11.552
-0.726,-1.051,10.788
-1.126,-1.609,9.784
-1.117,-2.175,8.616
-1.332,-3.094,8.007
-2.233,-5.02,8.235
-2.329,-7.183,10.026
-1.567,-7.309,11.351
-0.427,-4.498,10.831
-0.472,-3.315,10.525
-0.47,-2.268,11.121
0.334,-0.958,11.219
1.17,1.07,9.768
1.184,3.242,8.302
1.002,3.18,7.286
1.356,2.339,7.646
2.118,1.776,8.039
1.22,-0.659,8.079
1.052,-1.327,9.231
0.961,-0.795,9.495
-0.053,0.066,10.323
-0.633,0.619,12.936
0.355,0.706,13.341
0.154,0.356,11.746
-1.203,-1.02,10.41
-1.888,-2.79,9.385
-1.881,-4.129,7.15
-1.833,-5.329,8.379
-2.412,-6.392,12.098
-1.996,-6.057,10.204
-2.803,-3.813,6.934
-3.363,-2.04,6.815
-1.895,-1.454,8.513
-1.27,-1.217,9.001
-1.315,-0.891,8.668
-0.891,-1.126,8.877
-0.089,-1.672,9.483
-0.032,-2.182,10.434
-0.281,-2.467,10.374
-0.671,-1.528,8.915
-1.191,-0.079,7.794
-1.083,0.545,8.429
-0.235,0.574,10.261
0.798,0.572,11.466
0.851,0.231,10.64
-0.487,-0.754,8.774
-2.271,-1.789,8.436
-2.489,-2.598,10.398
-1.37,-2.395,12.1
-0.554,-1.164,12.678
-0.472,-1.049,13.387
-0.116,-0.582,13.418
0.851,0.773,11.99
1.301,1.357,10.366
1.115,0.904,8.997
0.173,-0.369,8.034
-1.253,-1.854,8.807
-0.8,-2.354,10.491
-0.731,-2.745,11.164
-2.089,-2.931,10.795
-3.823,-3.008,10.117
-4.929,-2.761,10.165
-4.407,-2.359,9.339
-2.343,-1.6,7.936
-0.755,-1.197,8.096
-0.108,-1.82,9.507
0.681,-2.555,9.864
0.202,-2.754,8.635
-1.66,-2.462,7.948
-1.691,-2.479,8.666
-1.172,-2.16,9.123
-1.591,-1.458,8.721
-1.842,-0.8,8.592
-1.586,-0.251,8.573
-1.035,0.406,8.218
-0.583,1.084,8.048
-0.137,0.818,8.747
0.24,-0.417,10.184
0.075,-1.145,11.119
-0.518,-1.449,11.456
-1.136,-1.921,11.413
-1.349,-2.009,9.602
-1.696,-1.454,7.842
-1.931,-0.924,8.125
-1.212,-1.047,10.055
-0.482,-1.502,11.559
-0.484,-1.803,10.936
-1.581,-1.966,10.244
-2.446,-2.05,10.515
-2.757,-1.59,10.149
-2.408,-1.593,10.925
-1.15,-1.925,12.163
-0.02,-1.954,11.526
-0.039,-1.506,10.455
-0.69,-1.001,10.091
-1.011,-1.126,9.713
-0.961,-0.955,8.35
-1.399,-1.181,7.969
-1.933,-1.729,9.636
-1.869,-1.993,11.459
-1.828,-1.504,11.016
-2.015,-0.946,10.237
-1.701,-0.881,10.153
-0.947,-0.716,8.987
-0.683,-0.639,7.581
-0.628,-1.154,7.593
-0.549,-1.727,8.592
-0.69,-1.789,9.023
-0.959,-1.655,9.265
-1.335,-1.324,9.272
-1.888,-0.934,8.973
-1.806,-0.845,8.951
-1.275,-0.848,9.09
-1.002,-0.659,9.186
-0.829,-0.556,10.268
-0.132,-0.785,11.847
0.446,-0.872,11.119
-0.125,-0.644,9.219
-0.496,-0.881,9.195
-0.444,-1.411,9.013
-0.832,-1.003,7.866
-1.32,-1.049,8.072
-1.258,-1.111,8.97
-1.27,-0.79,9.277
-1.893,-0.663,10.022
-1.96,-0.9,11.035
-1.447,-1.154,10.144
-1.727,-1.667,9.909
-1.265,-2.776,12.105
-0.036,-3.212,13.269
-0.139,-3.042,11.72
-1.344,-3.252,10.182
-2.127,-4.004,9.356
-1.751,-3.109,8.927
-2.015,-1.801,8.956
-2.214,-1.772,10.745
-1.658,-1.609,11.648
-0.865,-0.915,10.766
-0.836,0.057,9.698
-0.621,0.581,8.819
-0.47,0.418,7.749
-0.31,0.145,7.452
-0.168,-0.551,8.537
0.283,-0.831,9.504
0.343,-0.496,8.743
-0.317,-0.069,7.473
-0.983,-0.16,8.115
-0.544,-0.306,9.935
0.2,0.342,11.056
0.42,1.036,10.616
-0.048,0.521,10.34
-0.595,-0.558,9.801
-0.702,-0.599,9.044
-0.659,-0.752,9.078
-0.302,-1.229,9.588
-0.75,-1.746,9.756
-1.196,-1.858,9.784
-1.409,-1.47,9.305
-1.471,-0.821,8.776
-1.543,-0.637,8.831
-1.33,-1.061,9.171
-1.636,-1.708,10.029
-1.5,-2.067,11.49
-1.165,-2.153,11.734
-1.006,-2.242,10.824
-1.272,-3.137,10.208
-1.569,-3.916,10.18
-1.452,-3.18,10.764
-1.251,-1.818,10.077
-1.105,-1.332,10.081
-1.088,-1.36,10.529
-0.932,-1.063,9.983
-1.215,-0.615,9.109
-1.672,-0.441,9.111
-1.373,-0.529,9.346
-0.793,-0.512,8.862
-0.695,-0.259,8.204
-0.599,0.109,7.895
-0.369,0.447,8.254
0.255,0.766,9.042
1.388,1.098,9.95
1.97,1.245,10.872
1.986,0.622,11.164
0.956,-0.46,9.55
-0.638,-0.86,8.175
-0.781,-1.126,9.023
-0.051,-1.068,9.756
-0.398,-1.037,10.177
-1.488,-1.935,11.324
-1.483,-2.591,12.302
-1.382,-2.112,11.248
-1.845,-1.947,8.956
-2.319,-2.692,8.47
-2.331,-3.638,9.044
-2.012,-3.913,9.188
-1.907,-3.76,9.969
-1.639,-3.94,11.068
-1.747,-4.002,10.532
-2.417,-3.228,9.217
-2.228,-2.658,10.398
-1.064,-2.567,11.375
-0.393,-2.579,10.436
-0.175,-2.345,9.337
0.089,-1.832,9.559
0.394,-1.252,9.832
0.463,-0.67,8.98
0.509,-0.191,8.113
0.355,0.339,7.804
0.077,0.627,8.039
0.018,0.677,8.805
0.291,0.94,9.691
0.612,0.773,10.125
1.16,0.296,10.599
1.129,-0.311,10.608
-0.008,-0.73,9.741
-0.326,-1.274,9.595
0.226,-1.36,9.488
0.662,-1.145,8.541
0.408,-1.518,7.993
-0.298,-2.704,9.624
0.26,-3.461,11.746
0.449,-3.042,11.073
-1.078,-2.852,9.485
-1.797,-3.727,9.691
-1.279,-4.608,10.247
-0.968,-4.009,9.804
-1.529,-3.983,9.653
-1.112,-4.33,10.764
-0.166,-3.727,10.508
-0.559,-2.824,8.709
-1.085,-2.531,9.234
-0.889,-2.421,10.105
-0.341,-2.268,10.259
-0.403,-2.04,10.687
-0.58,-1.533,10.225
-0.427,-0.848,8.949
-0.659,-0.285,7.725
-0.903,-0.244,8.094
0.037,-0.845,9.969
1.455,-0.754,11.212
1.857,-0.309,10.915
0.676,-0.165,9.902
-0.396,-0.182,8.97
-0.302,0.196,9.016
0.286,-0.211,8.783
-0.166,-0.915,8.062
-0.566,-1.897,9.44
0.228,-2.694,11.717
0.171,-2.234,10.874
-0.657,-1.147,9.212
-1.172,-0.92,8.484
-0.719,-0.86,8.015
-0.745,-0.45,7.243
-1.402,-0.642,7.892
-0.595,-1.403,10.563
0.288,-1.854,11.559
0.157,-1.87,11.03
-0.398,-2.28,11.008
-0.59,-2.292,11.099
-0.417,-1.945,10.268
-0.29,-2.393,9.478
-0.683,-3.183,10.002
-0.738,-3.93,11.114
-0.779,-4.155,11.823
-0.939,-3.743,12.486
-0.032,-3.487,12.536
-0.005,-2.517,9.068
-1.39,-1.811,7.133
-2.132,-1.832,7.976
-1.289,-1.353,9.899
0.07,-0.836,11.226
0.59,-0.927,10.795
-0.087,-1.121,9.787
-0.971,-0.639,8.975
-0.853,0.385,8.395
0.169,1.01,7.955
0.669,0.967,7.064
0.032,0.282,6.154
-0.817,-0.335,9.291
-0.065,-1.042,13.961
1.852,-0.352,13.006
0.626,0.085,8.743
-1.39,-1.442,7.421
-1.323,-2.486,7.631
-0.697,-1.834,7.023
-1.842,-1.418,6.513
-1.438,-2.002,9.488
0.451,-3.482,13.008
0.046,-4.064,12.462
-1.95,-3.243,11.72
-1.976,-3.192,11.492
-1.291,-2.33,8.568
-0.872,-1.799,8.508
0.034,-2.321,10.323
0.664,-2.452,9.811
-0.242,-1.947,10.103
-0.283,-1.765,12.515
0.803,-1.327,12.318
0.204,-1.047,9.392
-1.265,-0.886,8.185
-1.179,-1.487,9.327
0.813,-1.669,11.162
2.42,-1.432,11.322
2.161,-2.256,9.368
0.552,-2.752,8.561
-0.185,-2.428,9.016
0.703,-1.801,8.144
0.602,-1.573,7.219
-0.432,-2.565,7.686
-0.23,-3.149,8.558
-0.178,-2.105,8.585
-0.228,-1.178,9.55
0.703,-2.218,11.365
1.059,-2.73,11.051
0.561,-2.143,10.613
0.233,-2.354,10.673
1.016,-2.167,8.707
-0.278,-2.107,7.119
-1.236,-2.517,8.534
0.298,-3.054,11.602
0.863,-2.886,11.375
-0.252,-2.22,10.022
-0.638,-2.488,11.727
-0.125,-2.072,10.558
-0.58,-1.207,8.721
-0.599,-0.673,8.906
0.619,-1.281,9.825
0.923,-1.681,9.219
0.027,-2.273,9.456
0.224,-2.587,11.142
1.689,-2.005,12.129
2.147,-1.502,11.442
1.253,-1.444,10.23
-0.254,-1.698,8.745
-0.365,-2.124,8.956
0.707,-1.48,9.322
0.717,-1.906,9.444
0.571,-2.982,10.388
0.499,-2.991,10.297
0.458,-1.808,9.102
0.401,-1.008,8.276
0.648,-0.635,7.744
0.42,-0.591,6.7
-0.65,-0.479,5.644
-0.992,-0.338,6.922
-0.606,-0.249,9.143
0.051,0.409,10.307
0.729,0.418,11.324
1.012,-0.692,11.753
0.736,-0.898,10.541
-0.089,-0.924,9.42
0.331,-1.545,9.967
0.315,-2.201,9.883
-0.75,-3.209,10.048
-1.212,-4.354,11.004
-1.136,-4.519,11.107
-1.591,-4.019,10.192
-2.214,-3.686,9.847
-2.563,-3.772,9.931
-2.518,-3.727,10.113
-2.523,-3.319,9.926
-1.277,-3.291,10.041
0.063,-3.432,9.593
-0.204,-3.101,7.72
-1.256,-2.812,7.44
-1.208,-2.699,8.965
-0.417,-2.359,9.595
0.578,-1.49,10.343
2.319,-0.505,13.114
3.819,-0.127,14.328
3.375,1.048,11.389
1.438,2.502,8.312
0.715,1.838,8.388
0.08,-0.405,8.534
-0.135,-1.169,8.029
0.209,-1.88,8.75
0.25,-2.299,8.577
-0.451,-2.364,7.425
-1.737,-2.11,7.246
-2.697,-2.139,7.679
-2.127,-1.779,7.136
-0.482,-0.977,7.502
0.085,-1.343,9.514
1.34,-1.14,11.557
2.631,-0.026,13.102
3.902,1.027,13.93
4.525,1.762,12.419
4.036,2.15,9.878
2.94,1.997,7.785
2.465,1.544,6.23
1.809,1.043,6.391
-1.088,-0.946,7.782
-1.275,-2.076,10.204
0.712,-1.983,13.609
1.819,-1.545,15.185
1.17,-1.542,12.824
-0.487,-0.757,9.162
-2.329,-0.383,6.932
-3.722,-1.712,7.069
-2.465,-3.736,9.437
-1.174,-6.062,11.451
-0.712,-8.284,12.462
-0.829,-9.142,12.34
-1.758,-8.241,12.199
-2.676,-6.028,11.859
-0.951,-4.1,9.693
-1.09,-3.238,7.797
-1.366,-2.325,9.289
-0.544,-1.159,11.415
0.585,-0.328,10.898
1.127,-0.136,8.961
0.741,0.016,7.416
0.022,0.188,7.025
-0.12,0.514,6.932
0.343,1.063,6.63
1.033,1.13,7.684
2.207,1.051,10.278
2.956,0.112,10.757
1.337,0.016,9.576
-0.88,0.686,9.545
-0.918,0.145,8.68
-0.374,0.861,7.866
-0.288,0.94,7.385
-0.863,-0.146,7.672
-1.852,-1.039,8.903
-1.406,-0.908,12.237
1.127,-0.644,15.104
2.461,-0.635,13.844
1.632,-0.184,10.968
0.901,0.54,9.389
0.003,0.025,8.987
-0.542,-0.328,8.079
0.18,-0.347,7.217
-0.027,-0.785,7.847
0.351,-0.85,9.828
0.648,-0.805,11.988
-0.116,-0.86,12.888
-1.052,-0.632,11.902
-1.869,-0.009,9.437
-2.458,0.454,7.449
-3.255,-0.311,7.67
-2.221,-1.739,10.026
0.116,-3.652,12.649
1.086,-4.941,13.104
0.818,-5.528,10.841
-2.12,-5.341,8.829
-2.99,-3.485,8.642
-1.739,-1.628,9.392
-1.193,-1.763,11.186
-0.951,-2.493,12.007
-0.846,-2.409,11.66
-0.597,-1.339,11.727
0.252,-0.666,11.023
0.425,-0.833,8.819
-0.075,-0.874,7.179
-0.257,-0.711,7.049
0.123,-0.242,7.308
0.226,0.646,7.406
-0.401,0.641,8.86
0.839,-0.273,11.748
2.362,-0.757,12.8
1.433,0.186,10.972
-0.173,0.849,9.013
0.104,-0.51,8.783
-0.841,-1.607,8.891
-0.269,-1.209,8.862
0.188,-2.29,10.046
-0.321,-3.415,10.79
-1.109,-2.488,9.744
-1.78,-0.785,9.068
-1.914,-0.354,9.99
-0.345,-0.328,10.436
0.887,-0.211,9.284
-0.003,-0.242,7.88
-1.093,-0.359,8.235
-1.102,-1.236,10.63
-0.101,-1.715,12.194
1.069,-2.297,11.768
0.185,-2.246,10.055
-1.701,-1.746,10.079
-1.32,-0.761,9.859
-0.353,0.112,8.712
-0.111,-0.273,8.113
-0.551,-1.166,8.242
-1.344,-1.854,9.473
-1.428,-1.753,12.227
-0.913,-1.573,14.108
-0.211,-1.241,11.186
-1.136,-0.704,7.689
-1.835,-0.869,7.84
-0.765,-0.783,8.616
0.47,-0.17,8.264
0.492,-0.764,9.305
0.992,-2.627,11.799
0.906,-3.054,12.419
-0.151,-1.181,11.66
-0.604,-0.177,10.644
-1.05,0.102,8.951
-0.362,-0.177,9.677
0.147,-1.073,10.376
0.226,-1.379,9.341
-0.604,-1.617,8.635
-1.629,-1.281,8.149
-1.062,-1.128,9.89
-0.302,-1.585,12.036
-0.532,-1.624,10.958
-1.61,-1.195,9.442
-2.379,-1.032,9.507
-1.883,-0.429,8.937
-1.035,-0.441,7.564
-1.294,-2.04,8.249
-1.574,-4.074,10.275
-2.348,-4.922,10.972
-3.464,-4.241,10.141
-3.401,-3.104,8.0
-3.088,-1.885,5.905
-3.291,-0.96,5.756
-2.34,-0.874,8.561
-0.915,-1.411,11.528
-0.626,-1.746,10.977
-1.239,-1.298,9.432
-0.853,-1.114,10.18
-0.611,-1.528,10.333
-0.439,-1.969,8.886
-0.482,-1.715,8.565
-0.628,-1.523,9.538
-0.436,-1.147,9.921
-0.551,-0.587,10.321
-0.058,0.081,10.223
-0.154,0.564,9.119
-0.571,0.845,9.083
-0.144,0.943,10.941
0.545,0.641,11.78
0.935,0.469,10.436
0.281,0.248,9.504
-0.46,-0.797,9.998
-0.614,-1.384,10.549
-0.096,-1.846,11.135
0.374,-1.609,11.006
-1.136,-0.752,10.115
-2.089,-1.698,9.272
-2.017,-1.981,8.743
-1.905,-1.954,9.274
-2.0,-2.388,9.588
-2.305,-2.39,8.824
-2.455,-1.878,8.927
-1.866,-1.935,9.21
-1.428,-1.966,8.795
-1.634,-1.961,9.095
-1.306,-1.921,10.434
-1.014,-1.53,10.826
-0.712,-0.733,10.084
-0.106,-0.639,10.089
0.516,-0.862,10.414
0.643,-0.733,9.981
0.767,-0.438,9.315
0.621,-1.389,10.412
-0.163,-2.642,11.59
-0.432,-2.282,10.481
-1.217,-1.628,8.419
-1.991,-1.47,7.27
-2.513,-1.142,7.768
-2.824,-1.166,8.57
-1.715,-1.53,9.653
-0.81,-2.263,10.438
-1.56,-3.274,10.012
-2.135,-3.257,9.341
-2.376,-2.687,8.826
-2.443,-2.096,8.101
-1.658,-2.043,8.096
-1.574,-1.53,8.292
-1.998,-1.533,9.454
-1.656,-1.667,11.72
-0.669,-1.257,12.05
-0.58,-0.512,10.366
-0.52,0.366,9.727
-0.36,0.231,10.446
-0.298,-0.46,11.025
-0.403,-0.752,10.4
-0.499,-1.116,10.505
0.274,-1.791,12.215
0.396,-1.935,12.448
-0.563,-2.239,11.272
-1.397,-2.402,10.426
-1.778,-2.17,8.333
-2.108,-1.432,6.312
-2.733,-1.09,5.89
-3.979,-1.717,7.437
-3.488,-2.287,10.496
-1.011,-1.561,12.5
-0.539,-1.305,11.238
-1.021,-1.126,9.514
-1.191,-0.029,8.383
-0.808,0.727,7.789
-0.29,0.646,7.607
-0.207,0.404,7.389
-0.772,-0.088,7.413
-1.114,-0.546,9.032
-0.35,-0.266,10.314
-0.525,-0.053,9.169
-1.126,0.478,7.703
-1.543,1.192,8.067
-1.667,1.544,9.777
-1.169,2.097,11.689
0.135,2.09,11.909
0.125,0.028,10.611
-0.623,-0.869,8.805
-1.203,-2.052,8.261
-1.212,-3.264,9.952
-0.645,-3.358,11.609
-0.87,-3.762,10.845
-2.307,-4.222,9.715
-3.766,-4.249,10.424
-2.791,-3.794,11.504
-1.311,-2.733,11.075
-1.658,-2.553,8.941
-2.273,-3.063,8.51
-1.303,-2.766,10.105
-0.58,-2.883,11.241
-0.868,-3.626,12.618
-1.452,-3.681,12.34
-2.18,-2.73,10.335
-2.441,-1.53,9.95
-1.308,-0.781,10.513
0.042,-0.335,9.375
0.276,0.025,8.204
-0.18,-0.378,9.052
0.219,-0.898,10.139
0.719,-0.021,9.092
0.461,0.516,7.435
0.454,0.236,6.898
-0.415,0.258,6.755
-0.743,0.689,7.43
0.398,0.895,9.693
1.73,0.928,10.831
2.578,0.73,8.877
1.016,0.646,7.574
-0.336,-0.065,8.858
0.331,-0.144,9.387
0.846,0.251,8.551
0.154,-0.596,8.568
-0.659,-1.902,9.612
-1.301,-2.261,11.751
-0.985,-2.215,13.106
-0.58,-2.455,12.105
-1.744,-2.876,10.074
-3.164,-3.073,9.581
-3.78,-3.236,9.837
-3.636,-3.647,9.734
-3.15,-4.088,9.564
-2.791,-4.445,9.054
-3.789,-4.862,9.507
-4.149,-4.843,10.486
-2.781,-3.616,10.424
-2.381,-2.484,9.844
-2.032,-2.594,10.575
-1.553,-2.78,10.563
-0.856,-1.116,10.4
0.329,-0.287,12.275
1.378,-0.644,13.26
1.608,-0.841,11.619
1.062,-1.001,9.511
0.782,-0.929,8.41
1.043,0.025,8.462
1.356,1.149,9.167
1.536,1.894,10.05
1.783,2.389,10.204
1.414,2.476,9.459
1.438,2.579,9.523
1.088,2.193,9.586
0.133,1.295,7.904
-0.302,0.857,7.028
-0.575,0.643,7.133
-0.674,0.315,7.332
-1.066,-0.218,7.694
-1.26,-0.864,8.671
-1.634,-1.722,10.805
-1.569,-2.567,12.05
-1.711,-2.527,10.707
-3.289,-2.927,7.871
-3.854,-3.346,7.143
-3.914,-4.1,8.106
-4.407,-5.585,10.616
-4.403,-6.742,12.51
-4.776,-7.247,12.053
-4.872,-5.75,10.611
-2.494,-3.315,9.84
-2.027,-2.479,8.254
-2.606,-2.369,7.631
-2.422,-2.244,9.483
-0.896,-1.466,12.383
-0.374,-0.474,12.484
0.157,-0.012,12.211
0.913,-0.46,12.987
1.019,-0.75,11.962
0.425,0.421,9.262
0.779,1.484,8.45
1.598,1.455,9.595
1.831,1.87,10.46
1.732,2.296,9.677
1.423,2.09,8.345
0.722,2.054,7.222
-0.111,1.743,6.546
-0.721,0.55,6.278
-0.484,-0.134,6.53
-0.623,-0.524,6.688
-1.428,-0.843,7.181
-2.07,-1.248,8.321
-2.214,-1.698,9.622
-2.709,-2.869,9.909
-3.296,-4.249,8.733
-4.213,-4.653,7.84
-4.697,-4.622,8.062
-2.293,-3.822,9.428
-0.971,-4.39,10.92
-1.155,-5.999,11.303
-1.433,-6.057,11.454
-1.79,-4.213,11.78
-1.588,-3.547,11.504
-1.289,-3.437,10.972
-1.224,-2.534,10.716
-1.016,-1.947,11.102
-0.733,-1.679,11.119
-0.398,-1.492,11.59
0.834,-1.947,12.493
1.495,-2.455,11.224
0.37,-2.208,8.867
-0.515,-1.722,8.632
0.659,-1.401,10.678
1.002,-1.217,11.511
0.322,-1.075,9.861
0.362,-0.618,8.795
0.707,-0.146,8.654
1.148,0.176,8.642
1.409,-0.678,8.113
1.277,-1.626,7.176
0.3,-1.609,7.289
-0.384,-1.674,8.326
-0.789,-1.906,8.755
-1.033,-1.782,8.398
-1.002,-1.741,8.544
-0.693,-1.942,9.667
-0.149,-1.93,10.002
-0.08,-1.801,8.532
-0.566,-1.873,7.581
-0.87,-2.383,8.321
-0.918,-3.521,9.804
-0.975,-4.349,11.178
-1.347,-4.412,11.906
-2.127,-3.58,11.308
-2.817,-2.33,9.317
-2.779,-1.765,8.453
-1.89,-1.885,9.907
-1.124,-2.357,10.51
-1.095,-3.106,10.572
-1.445,-3.533,11.066
-1.502,-3.351,10.577
-1.739,-2.778,8.757
-2.024,-2.16,7.509
-2.101,-1.887,7.72
-1.62,-2.141,9.732
-0.935,-2.292,11.085
-0.614,-1.775,9.583
-0.877,-0.625,8.06
-0.786,-0.517,9.983
0.164,-2.086,11.842
0.403,-2.634,10.069
-0.642,-2.814,8.254
-0.822,-3.705,10.448
-0.29,-4.368,11.942
-0.69,-3.01,10.053
-1.131,-2.455,8.659
-0.686,-2.112,8.283
-0.36,-1.413,7.718
-0.597,-1.293,7.689
-0.925,-1.755,8.029
-0.757,-1.839,8.043
-1.078,-1.516,8.721
-1.282,-1.6,10.908
-0.19,-2.052,12.711
0.973,-1.617,11.952
0.794,-0.299,9.911
0.044,0.251,8.997
0.624,-0.079,10.134
1.986,-0.465,11.413
2.71,-1.377,11.344
2.547,-2.203,11.042
1.498,-2.333,10.663
-0.147,-1.535,9.801
-1.04,-0.436,8.606
-1.794,-0.625,9.497
-1.555,-2.093,11.89
-1.136,-3.942,13.518
-1.349,-5.015,12.194
-2.649,-5.168,9.535
-3.969,-4.881,8.18
-3.624,-4.397,7.955
-3.009,-4.253,7.085
-3.289,-5.18,6.384
-3.449,-5.123,6.949
-2.008,-2.67,8.903
-1.452,-1.336,9.21
-2.192,-0.714,7.092
-2.69,-0.455,5.732
-2.051,-0.203,7.258
-0.868,0.749,10.558
0.075,1.87,12.117
1.124,2.193,11.954
2.092,1.944,11.377
1.816,1.472,9.389
1.122,1.405,6.934
0.59,1.091,7.337
0.034,-0.967,9.84
0.679,-1.087,11.619
0.238,-1.147,11.883
-1.167,-1.734,11.255
-2.776,-2.347,10.589
-4.137,-2.548,9.818
-3.895,-2.589,10.043
-2.64,-2.939,10.151
-2.053,-3.166,8.606
-3.059,-3.794,7.627
-3.425,-3.705,9.744
-0.405,-3.185,12.503
-0.319,-2.543,10.862
-2.091,-1.839,8.776
-2.388,-1.281,8.949
-1.907,-0.359,9.123
-1.579,0.698,8.407
-1.373,0.754,8.4
-1.229,-0.759,10.793
-1.1,-2.155,13.746
-0.899,-2.448,13.755
-1.656,-2.033,10.63
-2.635,-2.244,7.804
-2.757,-2.424,7.325
-1.469,-1.628,8.369
-0.312,-1.655,9.823
-0.022,-2.29,11.404
0.485,-2.234,11.502
0.13,-1.001,9.15
-0.844,0.272,6.659
-1.332,0.174,6.336
-1.268,0.416,7.404
-0.896,0.686,8.522
-0.233,0.057,9.559
0.279,-1.281,10.917
0.681,-2.031,11.2
0.104,-1.667,9.212
-0.889,-0.759,7.847
-1.16,-1.044,9.231
-0.623,-1.159,10.311
-1.071,-1.135,9.425
-1.933,-1.571,10.496
-1.871,-2.316,12.994
-1.047,-2.11,13.209
-0.927,-1.736,10.501
-1.754,-1.48,7.124
-3.097,-1.281,6.436
-3.607,-1.583,9.164
-1.687,-2.342,11.461
-1.505,-4.012,11.444
-2.271,-4.443,10.625
-3.368,-3.14,9.064
-3.26,-1.851,7.217
-1.502,-1.482,8.077
-0.377,-2.009,9.72
-0.108,-2.946,10.486
0.039,-2.91,10.869
-0.195,-1.672,11.559
0.097,-1.26,11.356
-0.06,-1.315,9.967
-0.87,-1.106,8.738
-1.253,-0.68,8.848
-0.93,-0.266,9.904
-0.468,-0.369,10.568
-0.712,-0.987,10.285
-0.848,-1.015,9.849
-0.803,-0.572,8.858
-1.052,-0.096,7.749
-1.414,-0.187,7.524
-1.488,-0.395,7.95
-1.399,-0.637,8.803
-1.447,-1.03,10.477
-1.277,-1.708,11.471
-1.579,-2.153,9.887
-2.187,-1.873,7.524
-1.957,-1.617,6.709
-1.318,-1.478,7.241
-1.694,-1.899,9.255
-0.156,-2.402,13.166
0.964,-2.472,13.269
-0.132,-0.819,9.689
-0.927,-0.141,7.801
-1.411,-0.462,7.31
-1.236,-0.764,8.062
-1.009,-1.217,10.556
-0.436,-2.072,13.425
-0.753,-2.608,12.74
-2.34,-1.502,9.682
-2.19,-0.773,9.296
-0.884,-0.738,10.493
-0.87,-1.394,11.011
-1.133,-2.797,11.736
-1.093,-3.636,12.105
-1.327,-2.711,10.517
-0.903,-1.928,9.272
-1.03,-2.129,8.223
-1.828,-2.273,7.512
-1.588,-2.306,9.21
-0.434,-2.227,11.154
-0.326,-2.012,10.062
-1.002,-1.3,9.432
-0.697,-1.126,10.663
-0.068,-0.357,10.323
-0.171,0.701,8.199
-0.24,0.847,6.973
-0.01,-0.436,7.686
-0.338,-1.928,8.379
-1.014,-2.005,8.058
-1.969,-1.957,9.48
-1.612,-2.84,11.906
-1.387,-2.551,11.514
-2.137,-1.195,8.434
-2.611,-0.999,8.089
-1.16,-0.917,10.347
0.669,-0.515,11.145
1.323,-0.697,9.418
0.24,-0.795,7.492
-0.652,-0.773,7.617
-0.628,-0.929,9.686
-0.295,-0.627,11.293
-0.741,-0.486,11.262
-0.896,-0.491,11.624
-0.171,-0.982,12.845
-0.154,-1.72,11.638
-0.745,-1.803,9.08
-1.473,-2.134,8.92
-1.514,-3.159,10.843
-1.409,-3.54,11.063
-2.029,-2.989,8.302
-2.884,-2.57,6.482
-3.26,-2.507,7.239
-2.961,-1.787,8.455
-1.828,-1.03,9.684
-1.682,-1.399,11.248
-1.476,-1.753,11.679
-0.64,-0.529,11.128
0.616,0.375,10.196
1.138,0.459,8.096
0.913,0.746,6.278
0.511,0.574,6.865
0.691,-0.982,9.911
0.686,-1.708,10.896
-0.005,-1.032,10.438
-0.901,-1.078,10.747
-1.279,-0.994,10.062
-1.33,-0.407,8.941
-1.761,-0.321,8.573
-1.124,-0.682,9.749
0.264,-1.166,10.752
0.643,-1.83,10.417
-0.053,-2.366,9.423
0.006,-1.882,9.794
0.166,-1.478,10.556
0.137,-1.149,10.905
-0.207,-0.879,10.369
-0.777,-0.512,9.686
-0.889,-0.709,10.213
-0.822,-1.324,10.719
-0.563,-1.542,10.002
-0.573,-1.952,9.361
-1.279,-2.203,9.025
-2.123,-2.548,9.085
-2.072,-2.747,9.08
-2.249,-2.776,8.812
-2.352,-2.594,9.114
-1.866,-2.263,10.237
-1.502,-1.765,10.103
-1.275,-1.336,9.183
-0.266,-1.092,8.649
-0.499,-1.449,8.482
-0.662,-2.016,9.332
-0.281,-2.388,10.263
-0.207,-1.561,9.2
-0.652,-0.735,8.647
-0.595,-0.881,9.962
-0.386,-0.706,10.407
-0.259,0.179,9.746
0.106,0.224,9.94
0.54,-0.328,10.618
0.473,-0.742,10.436
0.216,-1.248,10.331
0.058,-2.016,11.241
0.13,-1.674,11.377
0.034,-1.173,10.719
-0.448,-1.14,10.01
-0.635,-1.169,9.756
0.051,-1.446,9.859
0.185,-1.585,10.022
-0.731,-1.667,9.478
-0.741,-1.676,10.314
-0.075,-1.442,11.212
-0.23,-0.972,10.498
-0.99,-0.97,9.461
-1.236,-1.118,8.963
-1.296,-1.114,8.347
-1.361,-1.59,8.692
-1.409,-2.409,9.67
-1.121,-2.917,10.371
-1.505,-2.785,9.571
-2.051,-2.129,8.101
-2.158,-1.514,7.816
-1.236,-1.044,8.235
-0.887,-0.532,7.643
-1.639,-0.529,7.842
-1.38,-1.094,10.046
-0.314,-0.972,10.575
-0.525,-0.247,8.379
-0.772,-0.467,8.436
-0.532,-1.358,10.235
-0.25,-1.109,10.891
0.18,-0.764,11.6
0.624,-1.367,13.363
1.158,-1.734,12.836
0.233,-0.625,10.149
-0.185,0.059,9.432
0.463,-0.445,10.211
0.319,-0.647,8.791
-0.865,-0.69,6.525
-2.065,-0.958,6.963
-2.214,-0.975,10.467
-0.674,-0.409,12.862
-0.357,0.0,12.51
-0.822,-0.75,12.153
-0.475,-1.818,11.803
-0.207,-1.885,9.339
-0.015,-1.82,7.708
0.195,-3.315,8.704
-0.195,-5.607,11.207
-1.105,-5.341,12.651
-2.429,-4.081,11.739
-2.422,-3.233,10.378
-2.07,-2.179,8.024
-1.586,-1.446,7.052
-1.756,-1.53,8.472
-0.81,-1.753,10.086
-0.024,-1.231,9.897
0.396,-0.668,8.704
0.341,-1.078,8.285
-0.161,-1.26,7.818
-0.712,-0.314,6.443
-0.664,0.991,6.956
0.123,1.11,10.383
0.827,0.907,13.36
1.694,0.548,14.836
2.504,0.397,13.003
1.886,1.098,7.514
0.398,0.967,3.811
-1.917,-0.45,3.761
-3.339,-1.446,6.508
-0.896,-1.43,9.104
0.686,-0.932,10.182
-1.768,-1.181,13.645
-1.548,-1.669,17.286
-0.132,-0.019,12.864
-1.114,1.285,7.356
-2.875,-0.431,5.921
-4.273,-3.554,9.104
-0.398,-4.823,13.739
0.997,-6.244,14.407
-1.838,-7.556,12.96
-2.491,-5.322,11.674
-1.284,-1.645,8.218
-1.72,-1.087,7.512
-2.185,-1.312,9.435
-1.665,-1.011,10.038
-1.335,-0.74,9.921
-0.932,-0.752,10.084
-0.003,-0.994,10.12
0.997,-0.941,8.98
0.037,-1.013,7.406
-0.875,-1.413,7.686
-0.099,-1.173,9.123
0.901,-0.062,8.35
1.412,0.385,7.948
0.65,-0.342,9.646
0.248,-1.214,12.522
2.3,-1.334,13.298
3.033,-0.673,10.539
1.191,-0.117,6.764
-0.853,-0.472,4.106
-1.347,-0.726,6.041
1.067,-1.621,11.921
3.948,-2.093,14.357
3.007,-2.383,10.637
-0.317,-1.873,9.205
-1.251,-1.834,9.806
0.806,-1.612,9.351
0.93,-2.098,9.825
-0.441,-4.038,12.227
-1.548,-4.845,12.364
-1.84,-3.707,9.883
-2.467,-2.285,7.282
-3.459,-1.887,6.012
-2.489,-2.055,6.815
-1.062,-2.124,9.164
-1.251,-1.94,11.121
-1.143,-2.04,11.794
-0.501,-1.803,11.317
0.161,-0.793,10.175
0.226,-0.093,8.831
0.099,-0.191,8.434
0.343,-1.42,9.629
0.865,-2.431,11.241
1.11,-3.121,12.285
0.925,-3.485,12.635
0.578,-3.197,12.282
0.604,-2.694,11.43
0.729,-2.644,9.911
-0.31,-2.357,8.53
-0.338,-2.543,9.844
0.406,-2.989,11.293
-0.139,-2.879,10.616
-0.111,-2.701,11.152
0.439,-2.074,10.853
0.377,-0.984,8.577
-0.142,-0.702,7.663
-0.559,-1.118,8.072
-0.47,-1.264,8.961
-0.151,-1.023,9.329
0.164,-0.805,8.304
-0.29,-0.836,7.054
-0.779,-0.472,7.416
-0.578,0.181,9.111
0.542,0.749,9.935
1.253,1.278,9.818
0.997,0.651,9.988
0.444,-0.445,9.468
-0.812,-0.637,7.478
-1.557,-0.56,6.202
-2.175,-0.776,6.58
-2.894,-0.905,7.816
-3.102,-0.747,8.565
-2.922,-0.51,9.068
-3.696,-0.802,10.17
-3.993,-0.893,11.36
-1.742,-0.692,12.136
-0.48,-0.618,11.257
-0.307,-1.011,10.546
-0.094,-2.318,10.905
0.43,-2.982,11.291
0.427,-2.773,10.994
-0.887,-2.689,10.965
-1.323,-2.589,11.887
-1.478,-1.914,11.928
-1.89,-1.348,11.94
-1.426,-1.413,12.115
-0.626,-1.83,11.2
-0.161,-2.021,10.165
-0.779,-1.925,9.145
-1.701,-1.842,8.913
-1.543,-1.978,10.086
-1.071,-2.107,10.884
-0.92,-1.873,10.632
-0.63,-1.413,10.446
-0.614,-1.202,9.768
-0.834,-0.922,8.142
-1.126,-0.975,6.973
-1.162,-1.166,7.665
-0.135,-1.382,9.385
0.449,-1.753,9.816
-0.175,-1.08,9.143
-0.69,-0.014,9.047
0.418,0.557,9.682
1.428,1.333,9.272
1.737,1.508,7.411
1.426,0.095,7.255
0.01,-1.935,9.09
-0.412,-2.359,9.535
-0.401,-1.997,8.779
-1.605,-1.717,8.048
-2.829,-2.093,8.412
-3.169,-2.371,9.404
-2.762,-2.246,9.016
-2.228,-2.127,9.145
-1.667,-2.546,10.702
-1.387,-2.093,10.75
-1.129,-1.444,10.333
-0.65,-1.583,11.336
0.022,-1.66,11.547
-0.288,-1.255,10.596
-0.707,-0.888,10.225
-0.932,-0.783,9.813
-1.509,-0.285,8.465
-1.907,0.193,8.235
-1.462,-0.488,10.601
-0.08,-1.281,13.262
0.353,-1.521,12.666
-0.597,-1.626,10.968
-1.232,-1.765,9.49
-1.253,-1.305,7.653
-1.708,-1.667,6.815
-1.794,-3.164,8.884
-1.667,-4.567,11.449
-2.475,-4.936,11.13
-3.857,-4.328,9.526
-3.675,-3.683,8.642
-3.277,-3.341,7.473
-2.364,-2.733,7.394
-1.636,-2.771,9.794
-1.339,-2.927,11.075
-0.899,-2.589,10.714
-0.288,-2.012,9.873
-0.161,-0.881,8.879
-0.259,-0.611,9.444
0.442,-0.97,10.862
0.066,-0.702,9.301
-0.654,-0.764,8.357
-0.602,-1.815,10.244
-0.08,-1.801,9.744
-0.899,-1.214,7.914
-2.063,-1.708,9.363
-1.548,-2.661,11.928
-0.853,-2.527,10.886
-1.576,-1.978,8.065
-2.139,-2.27,7.806
-2.003,-2.565,8.623
-1.859,-2.622,9.768
-1.112,-2.51,11.526
-0.372,-2.67,11.645
-0.796,-1.911,9.674
-1.26,-0.922,7.504
-1.414,-0.438,6.702
-1.648,-0.369,7.169
-1.141,-1.063,9.653
-0.513,-1.815,12.764
-0.087,-1.856,13.073
-0.568,-1.126,10.786
-0.949,-0.936,8.994
-1.121,-2.067,8.714
-0.791,-3.015,9.856
-0.436,-3.18,10.889
-1.102,-3.128,10.283
-1.885,-2.828,9.013
-1.979,-2.68,8.489
-2.067,-2.711,8.549
-2.187,-2.421,9.143
-1.766,-1.897,10.304
-1.402,-1.564,10.168
-1.177,-1.751,9.274
-0.985,-2.107,9.255
-0.789,-2.378,9.818
-0.671,-2.072,10.196
-0.623,-1.578,9.806
-0.808,-1.506,9.076
-1.715,-1.571,8.031
-1.421,-1.411,8.417
-1.414,-1.13,9.365
-1.416,-0.881,9.55
-1.636,-0.996,9.586
-0.891,-1.31,9.825
-0.46,-1.303,8.939
-0.81,-1.339,7.674
-1.335,-1.545,8.352
-1.311,-1.985,10.012
-0.911,-2.534,11.068
-0.717,-3.106,10.98
-1.014,-3.82,10.807
-1.512,-4.004,10.879
-1.579,-3.509,10.486
-1.986,-2.96,8.489
-2.903,-2.912,7.718
-1.969,-2.845,10.055
-0.377,-2.852,9.806
-0.8,-3.125,8.565
-2.578,-2.718,10.486
-1.998,-2.879,12.043
-0.841,-2.505,11.245
-0.901,-2.4,10.843
-1.428,-2.208,9.943
-1.782,-2.028,8.163
-1.732,-1.506,7.665
-1.806,-1.195,7.344
-1.89,-1.705,7.04
-2.199,-2.383,8.206
-2.216,-2.316,9.329
-2.508,-1.221,9.147
-1.962,-1.205,9.392
-1.141,-1.796,9.55
-0.824,-1.547,8.86
-0.686,-1.672,8.723
-0.348,-2.213,9.162
-0.324,-2.402,8.304
-0.779,-2.349,7.581
-1.004,-2.694,9.408
-0.288,-2.816,10.91
0.121,-2.23,10.687
-0.259,-1.123,10.165
-0.262,-0.395,10.371
0.137,-0.206,10.34
0.374,-0.728,9.861
0.317,-1.909,10.563
0.056,-3.046,11.13
-0.666,-3.276,10.594
-1.622,-3.054,11.116
-0.844,-3.262,12.75
-0.058,-3.324,11.195
-1.658,-2.795,8.094
-3.061,-2.584,8.096
-1.842,-3.248,9.028
-0.882,-4.095,9.246
-1.708,-4.38,8.956
-2.731,-4.859,8.92
-3.066,-4.711,9.234
-3.346,-3.947,8.606
-2.23,-3.487,8.345
-1.186,-3.47,7.979
-1.55,-3.094,6.898
-1.847,-2.39,7.497
-1.361,-1.858,9.279
-0.678,-2.036,9.224
-0.784,-2.273,8.915
-0.31,-2.39,10.35
0.372,-1.832,11.142
0.154,-0.817,9.435
-0.211,-0.642,8.788
0.044,-1.526,10.206
0.715,-1.528,10.52
0.377,-0.843,9.993
0.271,-1.018,11.404
0.317,-1.597,12.805
0.19,-1.324,11.758
-0.53,-1.427,10.467
-1.713,-2.998,10.886
-1.105,-2.922,10.905
-0.865,-2.474,9.157
-2.307,-2.608,7.457
-3.488,-2.862,7.514
-2.875,-3.283,8.985
-1.366,-3.08,9.861
-1.234,-1.698,8.743
-1.938,-1.612,9.188
-1.162,-1.547,10.187
-0.218,-0.642,8.985
0.049,0.107,7.306
-0.065,0.152,7.715
-0.403,-0.678,9.562
-0.468,-1.109,10.469
-0.856,-0.536,9.547
-1.344,-0.275,8.896
-1.725,-0.46,8.793
-1.727,0.0,8.242
-2.154,0.416,7.718
-1.529,-0.455,9.65
-0.484,-1.2,11.765
0.358,-1.645,11.363
-0.451,-2.177,9.964
-1.138,-2.697,9.921
-1.028,-2.869,10.311
-0.853,-2.594,10.34
-1.323,-2.678,10.115
-2.204,-2.701,10.292
-2.343,-2.409,10.845
-2.024,-2.297,11.104
-1.924,-2.33,10.4
-2.693,-2.455,9.995
-2.594,-2.519,10.984
-2.01,-2.409,10.817
-2.111,-2.244,9.672
-2.355,-2.845,9.864
-1.933,-3.533,10.91
-1.905,-2.931,9.634
-1.773,-1.688,7.047
-2.158,-0.97,5.536
-2.927,-0.745,6.513
-1.816,-0.764,9.076
-0.365,-1.135,11.006
0.329,-1.581,12.194
0.985,-1.478,12.115
1.304,-0.56,9.648
0.628,0.754,6.343
-0.389,1.439,5.38
0.695,0.322,8.714
2.499,-0.989,12.817
3.129,-0.757,12.191
1.162,-0.92,11.339
-0.233,-0.79,10.513
-0.127,-0.163,7.785
-0.448,0.698,6.824
-1.502,0.584,8.398
-2.326,-0.378,10.848
-1.615,-0.843,11.792
-1.385,-0.924,11.157
-1.507,-2.026,11.562
-0.784,-3.334,11.878
-0.487,-3.01,9.643
-1.66,-1.911,8.668
-1.665,-2.287,10.515
-1.208,-2.917,10.522
-1.809,-2.891,9.262
-2.18,-2.812,8.958
-2.113,-3.161,7.837
-3.14,-3.456,7.404
-4.127,-3.983,9.085
-2.882,-4.318,11.401
-2.4,-4.16,11.636
-1.924,-3.712,9.796
-1.088,-2.771,8.779
-1.287,-1.272,7.71
-1.018,-0.615,7.892
-0.048,-0.508,9.48
1.299,-0.769,12.29
2.592,-1.748,14.948
2.786,-1.923,12.932
1.1,-0.484,7.809
-0.377,0.73,5.095
-0.106,0.483,7.109
1.373,0.423,10.98
2.015,0.193,11.475
1.107,-0.199,11.856
0.082,0.914,12.457
0.377,1.654,10.366
0.76,1.381,8.805
0.195,-0.891,8.743
0.178,-2.646,9.617
1.028,-4.019,10.889
0.547,-4.392,9.009
-2.108,-3.83,5.869
-4.788,-3.204,6.506
-1.948,-3.841,9.236
1.459,-3.681,11.279
-0.606,-2.951,8.803
-2.724,-2.134,7.737
-0.99,-1.878,9.705
0.073,0.334,9.073
-0.456,0.562,7.296
-0.638,-1.82,8.927
-0.559,-2.991,10.34
-0.925,-2.515,9.928
-1.548,-2.4,10.69
-1.639,-3.075,10.414
-1.85,-2.967,8.752
-2.125,-3.195,8.494
-2.221,-4.095,10.836
-0.721,-4.97,13.03
-0.333,-4.641,11.399
-1.799,-3.097,8.575
-2.204,-2.553,8.237
-1.471,-1.676,9.593
-0.535,-1.679,10.402
-0.767,-2.402,11.425
-0.235,-2.5,12.836
0.566,-1.391,12.311
0.983,0.205,10.28
1.071,0.734,8.7
1.871,0.378,9.322
2.219,0.437,9.545
2.008,0.933,7.497
1.186,1.678,5.593
-0.384,1.441,6.453
-1.394,-0.596,8.74
-0.178,-2.067,11.997
1.292,-2.577,12.62
-0.298,-2.282,9.739
-3.275,-1.772,7.751
-4.149,-2.476,7.816
-3.452,-2.797,8.216
-3.787,-3.808,7.945
-4.582,-5.298,8.118
-1.967,-4.208,8.601
-0.721,-1.6,7.983
-1.627,-0.23,8.285
-1.888,-0.699,10.189
-0.305,-1.126,11.643
1.929,-0.242,11.705
1.941,-0.062,11.164
0.494,-0.012,11.404
-0.688,0.042,11.159
-0.281,-0.496,9.763
-0.477,-0.936,8.719
-1.083,-1.061,9.545
-1.505,-1.286,11.679
-1.974,-1.351,12.352
-2.86,-1.636,10.893
-3.275,-2.534,10.503
-2.853,-3.283,11.322
-2.192,-3.319,10.474
-2.168,-2.409,8.074
-3.234,-1.554,6.441
-2.494,-0.982,7.14
-0.412,-0.819,10.22
0.451,-1.664,11.928
-0.298,-0.647,9.998
-0.925,0.5,9.353
-0.321,0.018,10.412
0.427,-0.153,10.031
0.489,0.021,8.29
-0.027,0.047,7.552
-0.82,-0.457,7.615
-1.476,-0.948,7.646
-0.92,-0.539,7.77
-0.527,-0.893,8.118
-1.648,-1.296,10.364
-2.81,-2.797,12.635
-2.949,-3.43,12.278
-3.452,-3.295,10.012
-2.99,-3.418,9.193
-2.592,-3.334,8.647
-2.403,-3.252,9.08
-0.891,-3.521,11.672
0.389,-3.937,12.946
0.089,-3.54,10.719
-2.523,-1.712,8.29
-3.512,-1.492,8.795
-2.436,-0.738,9.555
-1.648,-0.35,9.258
-2.046,-1.59,10.316
-1.694,-2.689,11.763
-0.602,-2.005,10.75
-0.391,-0.587,9.186
-0.283,-0.316,9.078
0.324,-1.19,10.56
1.122,-1.743,12.18
1.241,-1.296,11.202
0.01,-0.714,8.958
-1.208,-0.69,7.706
-1.557,-0.845,7.452
-1.507,-0.606,6.839
-1.275,-0.534,6.53
-1.476,-1.322,8.702
-1.263,-1.485,11.535
-0.93,-0.486,10.948
-0.808,0.346,8.752
-1.217,0.095,7.416
-0.681,0.028,6.288
-0.611,-0.534,6.889
-0.434,-0.967,8.903
-0.31,-0.876,10.206
-0.492,-0.819,10.637
-0.348,-1.506,10.783
-0.705,-1.909,10.824
-1.038,-2.122,11.578
-1.514,-2.22,12.371
-2.587,-2.273,11.643
-3.181,-2.591,11.322
-2.352,-3.408,11.583
-1.804,-4.888,11.068
-2.0,-6.481,11.677
-1.085,-7.001,14.239
-0.46,-6.656,13.739
-3.042,-5.389,9.967
-4.728,-4.816,8.211
-2.673,-4.038,8.247
-0.729,-2.383,8.383
-1.006,-1.451,8.142
-1.775,-1.25,8.314
-1.634,-0.74,8.599
-0.726,-0.445,7.952
0.43,-0.568,7.622
1.316,-0.915,8.7
1.764,-1.082,9.155
1.158,-0.45,9.176
1.57,0.229,9.938
2.71,0.555,8.889
1.97,1.257,7.167
1.155,1.498,6.99
0.655,0.054,9.047
0.185,-0.831,9.109
0.341,-0.017,7.057
-0.628,0.763,7.207
-1.828,0.411,9.195
-1.933,-0.431,10.869
-0.923,-1.286,10.735
-0.674,-1.854,9.495
-1.459,-2.385,8.997
-1.653,-2.764,10.014
0.125,-2.972,10.958
1.174,-3.058,10.079
-0.508,-2.16,8.201
-1.955,-1.346,8.486
-1.318,-1.267,10.901
-0.542,-1.332,12.565
0.089,-2.769,13.99
0.286,-3.93,13.705
-0.707,-3.616,11.31
-2.731,-3.006,9.734
-3.279,-3.212,9.672
-2.197,-4.143,9.653
-2.173,-4.67,10.364
-3.351,-5.283,11.552
-3.488,-5.544,12.251
-3.435,-4.656,9.904
-3.002,-2.8,6.97
-1.833,-1.679,6.19
-1.284,-1.626,7.624
-1.107,-1.322,8.644
-1.311,-0.546,8.355
-0.47,0.588,8.661
1.208,1.556,9.226
2.176,1.371,9.267
2.051,-0.151,8.501
1.263,-0.244,8.029
0.348,0.318,9.488
0.485,-0.496,10.869
1.582,-1.672,9.947
1.756,-2.153,7.658
0.365,-1.928,7.176
-0.369,-2.931,10.546
1.955,-2.857,12.893
2.458,-1.878,11.425
0.734,-1.497,10.64
0.164,-1.736,10.754
-0.539,-2.033,10.558
-1.177,-1.391,9.291
-1.711,-1.044,8.031
-3.222,-2.103,7.787
-3.943,-3.494,8.829
-3.229,-4.431,10.101
-3.31,-5.451,11.406
-3.188,-5.851,11.856
-3.38,-4.776,9.844
-3.114,-2.606,8.347
-1.991,-1.624,9.938
-0.456,-1.044,10.98
0.185,-0.338,9.674
0.312,-0.053,8.882
0.463,-0.754,10.189
-0.087,-1.906,10.343
-0.398,-2.055,8.264
-0.676,-1.478,7.488
-0.362,-1.633,9.727
0.36,-1.961,11.653
0.497,-0.397,10.668
-0.075,1.391,8.764
0.267,2.535,8.968
1.577,2.392,10.582
2.377,-0.745,11.444
2.52,-3.954,11.399
1.622,-4.718,10.525
-0.836,-2.376,9.399
-2.111,0.239,7.737
-2.736,0.363,5.969
-4.218,-0.117,5.878
-5.363,-0.431,6.915
-4.549,-1.789,8.496
-2.604,-2.747,10.393
-2.111,-2.757,11.219
-1.323,-1.461,10.321
-0.053,-0.627,9.147
0.391,-0.817,8.51
-0.022,-1.767,9.804
-0.767,-2.512,12.158
-1.921,-2.895,12.929
-2.561,-2.754,11.142
-2.515,-2.182,9.121
-2.839,-1.818,7.811
-3.507,-1.597,7.351
-4.185,-0.996,9.15
-3.27,-0.484,11.976
-1.198,-0.682,13.801
-0.106,-0.541,13.085
0.255,0.473,10.968
0.669,0.562,9.638
0.784,-0.124,8.544
0.293,-1.686,7.028
-0.827,-2.627,7.191
-1.387,-1.997,9.356
-1.004,-0.977,10.735
-1.303,-0.105,10.836
-1.804,0.655,10.948
-1.464,0.481,10.941
-1.308,0.361,9.198
-1.84,0.219,7.703
-1.845,-0.761,8.374
-0.743,-2.416,8.985
-0.858,-3.693,7.679
-3.025,-3.477,7.543
-4.242,-2.563,9.135
-2.506,-1.741,9.298
-1.165,-1.336,9.672
-1.289,-2.498,11.004
-1.157,-2.208,11.609
-0.863,-0.414,10.759
-0.259,0.952,9.904
0.173,2.044,8.424
0.528,2.313,8.151
0.942,0.37,12.364
1.574,-0.776,16.162
1.22,-0.127,13.767
-0.496,0.152,10.297
-1.799,-0.374,7.54
-2.209,-0.285,5.447
-2.515,0.16,4.937
-3.404,-0.045,6.364
-2.76,-0.493,9.727
-1.165,-1.597,12.944
-1.069,-3.027,12.486
-2.525,-2.625,10.355
-3.524,-2.038,9.641
-1.385,-2.802,9.353
-0.053,-2.785,7.852
-1.481,-3.691,8.165
-1.488,-3.76,12.563
-0.034,-2.146,12.874
-0.147,-0.505,9.782
-1.517,0.409,8.465
-2.374,-0.129,8.388
-2.537,-0.505,8.826
-1.497,-0.196,8.568
-0.911,-0.778,8.24
-1.188,-2.031,9.332
-0.98,-2.182,11.528
0.044,-0.632,12.132
0.631,2.109,11.217
0.671,2.54,11.016
1.019,1.793,10.216
1.081,0.732,9.023
-1.177,-0.771,8.74
-1.802,-1.961,9.212
-0.836,-2.934,9.327
-1.907,-3.631,8.264
-4.465,-3.75,7.691
-6.388,-3.818,9.116
-4.261,-2.872,10.376
-1.694,-1.66,10.848
-1.816,-1.645,9.413
-1.888,-0.021,8.673
-0.281,0.833,10.992
2.439,0.631,12.884
2.841,0.435,9.813
1.402,-0.723,6.704
-1.505,-2.146,10.077
-0.961,-1.664,11.562
0.042,-0.048,9.279
-1.648,0.564,8.333
-2.391,-0.055,9.904
-1.529,-0.098,11.032
-0.391,0.303,10.285
-0.223,-0.532,10.513
-0.709,-1.49,10.153
-0.98,-1.648,9.444
-0.697,-1.291,9.725
-0.738,-1.145,10.632
-1.301,-1.652,11.48
-0.987,-2.105,11.696
-0.786,-2.091,10.206
-1.634,-1.652,8.223
-2.252,-1.739,7.26
-2.731,-2.062,7.083
-3.31,-2.577,8.096
-3.524,-3.087,10.343
-3.006,-2.299,11.528
-2.884,-0.374,10.4
-1.9,0.631,10.283
-0.281,0.727,9.777
0.255,0.349,7.624
-0.022,-0.496,6.63
-0.24,-2.349,8.853
-0.599,-2.869,10.441
-1.478,-2.596,12.045
-1.411,-2.21,12.855
-1.279,-0.666,9.895
-1.598,1.398,8.142
-1.224,1.386,9.729
0.437,0.301,10.527
1.201,-0.203,8.508
0.568,-0.917,8.204
-0.377,-2.057,9.401
-0.908,-2.936,9.638
-1.188,-2.33,9.6
-1.713,-1.003,11.123
-1.567,-0.385,11.701
-1.818,0.387,10.601
-1.521,0.885,10.019
-0.681,0.308,9.837
-0.135,-0.532,9.241
0.049,-1.794,8.189
-1.069,-2.927,8.261
-2.669,-2.84,10.57
-1.936,-2.78,12.273
-1.464,-1.387,11.207
-2.4,0.064,9.317
-1.816,-0.977,10.103
-1.066,-1.413,10.405
-0.803,-2.024,8.824
-1.541,-3.152,7.375
-2.523,-3.521,7.425
-2.4,-2.778,8.747
-2.055,-2.014,9.842
-1.866,-1.343,9.545
-1.706,-1.202,9.222
-1.416,-0.733,9.267
-1.028,-0.053,10.51
-0.19,0.255,11.499
0.942,0.504,10.747
1.244,0.727,9.679
0.731,-0.67,10.144
-0.137,-2.618,11.554
-0.29,-2.412,10.977
0.042,-1.097,9.653
-1.258,-0.876,9.013
-2.477,-1.588,9.768
-2.039,-1.949,10.038
-2.032,-1.485,8.34
-3.399,-1.336,7.981
-2.963,-1.76,9.344
-1.138,-1.468,9.102
-0.745,-1.073,7.32
-1.648,-1.334,7.619
-1.672,-2.323,10.041
0.293,-2.416,12.017
0.372,-1.475,10.443
-1.057,-0.117,9.222
-1.03,-0.577,9.672
-0.336,-0.292,10.103
0.264,-0.345,10.936
0.001,-1.712,11.763
-0.345,-2.754,12.158
-0.839,-2.977,11.19
-1.497,-3.147,11.415
-1.188,-4.227,11.983
-1.361,-5.571,11.327
-2.994,-5.949,9.004
-4.369,-4.514,8.321
-2.084,-2.369,8.769
-0.767,-1.626,7.469
-1.162,-2.11,7.516
-1.406,-2.096,8.822
-1.557,-0.385,9.847
-0.702,1.419,11.018
1.028,2.622,10.984
2.207,3.18,9.329
2.13,2.277,7.282
2.48,1.194,6.199
2.968,0.152,5.148
1.268,-0.539,5.574
-1.823,-1.054,7.665
-0.841,-2.11,10.965
1.239,-2.431,13.245
1.752,-2.275,13.207
0.125,-1.985,12.558
-2.568,-1.528,9.842
-3.607,-1.731,7.181
-3.344,-2.091,6.616
-2.582,-3.178,7.708
-2.501,-5.166,10.089
-2.187,-6.22,13.238
-0.238,-4.749,14.759
0.094,-2.876,11.926
-1.26,-1.367,8.137
-1.466,-0.838,8.0
-0.386,-0.328,10.283
0.715,-0.395,11.272
1.316,-1.734,10.771
0.489,-2.838,11.899
-0.25,-2.963,11.997
-0.489,-1.899,9.71
-1.454,-1.293,8.896
-1.758,-1.59,9.66
-1.749,-2.917,10.424
-2.336,-3.892,10.647
-2.604,-3.964,10.371
-1.811,-2.632,9.526
-0.829,-0.771,7.897
-0.98,-0.484,7.021
-1.471,-0.967,7.986
-0.815,-1.13,9.04
-0.113,0.116,8.503
0.36,0.883,7.924
0.444,0.725,7.912
-0.355,0.481,8.695
-0.412,0.631,8.405
0.31,0.739,7.787
0.626,-0.002,7.974
0.774,-1.173,9.152
-0.008,-1.355,9.811
-0.281,0.1,9.222
-0.63,0.955,8.52
-1.148,0.562,9.574
-0.887,-0.244,12.093
0.195,-1.051,14.05
0.056,-2.191,13.336
-1.433,-2.761,10.766
-3.27,-3.41,8.879
-3.689,-3.19,9.298
-2.781,-2.68,10.347
-1.727,-2.347,10.915
-1.833,-2.689,11.277
-2.024,-2.184,11.159
-1.701,-1.418,10.929
-1.49,-1.214,10.355
-1.057,-1.363,9.516
-0.477,-1.547,9.123
-0.688,-1.109,9.011
-1.32,-0.378,8.941
-1.284,0.148,9.02
-0.719,0.792,9.224
-0.271,1.424,9.543
0.291,1.542,9.655
0.621,0.976,9.911
-0.123,0.452,9.167
-0.903,0.519,7.492
-1.325,-0.036,7.782
-1.071,-0.915,9.82
-0.319,-1.439,11.696
0.24,-1.343,11.315
-0.31,-1.351,9.978
-1.095,-1.576,8.98
-0.973,-1.549,8.702
-0.695,-1.526,9.495
-0.499,-1.305,10.8
-0.793,-0.709,10.278
-1.373,-0.385,9.571
-1.545,-0.5,9.341
-1.588,-0.709,9.088
-1.667,-1.042,9.09
-2.094,-1.442,10.081
-2.345,-1.403,11.037
-1.751,-1.406,10.984
-0.899,-1.32,9.876
-0.721,-0.735,8.278
-0.966,-0.187,7.44
-1.114,-0.539,8.513
-1.03,-1.073,10.151
-0.362,-1.573,10.469
-1.026,-1.128,10.304
-1.675,-0.685,11.753
-0.786,-0.738,11.686
-0.29,0.284,9.349
-0.875,0.756,9.238
-0.609,-1.178,12.151
0.003,-2.187,12.256
-0.736,-1.863,9.835
-2.137,-1.36,9.581
-2.376,-1.391,9.796
-1.658,-1.674,8.805
-1.754,-1.633,7.89
-3.15,-1.923,8.134
-2.688,-1.252,9.744
-1.188,-0.702,10.628
-1.253,-0.395,9.61
-1.318,-0.282,9.449
-0.393,-0.364,10.268
0.121,0.002,10.263
0.236,-0.465,9.938
-0.092,-1.669,10.314
-0.82,-1.775,10.0
-1.22,-0.833,9.095
-1.912,-0.532,9.737
-1.948,-0.809,10.771
-1.404,-0.778,10.374
-0.834,-0.115,9.392
-0.851,0.428,8.999
-1.002,0.275,8.556
-0.87,-0.093,8.321
-0.884,-0.275,8.266
-0.645,-0.409,8.438
-0.218,-0.342,10.283
-0.116,-0.146,11.684
0.169,0.205,10.905
0.099,0.921,8.87
-0.784,0.437,7.655
-1.521,-0.627,8.786
-1.232,-0.441,9.55
-0.535,0.272,9.66
-0.997,-0.072,9.588
-1.473,-0.675,9.332
-1.598,-0.687,9.466
-0.58,-0.455,10.618
0.116,-1.023,11.782
-0.492,-1.88,11.313
-1.162,-2.539,11.42
-0.875,-2.031,11.729
-1.605,-1.892,11.624
-2.451,-2.51,11.689
-2.554,-2.213,10.831
-2.484,-1.267,8.884
-2.554,-1.157,8.221
-2.602,-1.705,8.4
-1.917,-2.644,8.362
-1.426,-2.879,9.076
-1.996,-2.852,11.485
-1.806,-3.216,13.825
-0.678,-2.46,12.132
-0.817,-0.302,8.3
-0.937,0.698,7.382
-0.547,0.406,8.261
0.056,-0.103,8.484
0.171,-0.591,8.017
0.331,-0.235,8.048
0.082,0.648,8.628
-0.233,1.144,9.159
-0.42,1.599,9.432
-0.195,2.27,9.65
0.609,2.876,9.564
0.911,2.981,8.963
0.597,1.695,8.867
-0.092,-0.594,9.567
0.43,-2.395,10.424
0.71,-3.291,10.769
-0.333,-2.479,10.235
-2.137,-1.276,9.351
-2.467,-1.264,8.74
-2.257,-1.403,8.429
-2.726,-1.791,9.365
-3.217,-2.378,11.449
-2.309,-2.179,12.627
-0.999,-1.669,12.232
-0.626,-2.17,12.227
-0.745,-3.437,12.136
-0.721,-3.389,10.953
-0.798,-1.763,10.177
-1.023,-1.075,9.27
-0.968,-1.382,8.539
-0.937,-1.408,8.307
-1.45,-1.063,8.692
-2.194,-0.577,9.825
-2.736,-0.524,10.822
-2.012,-0.479,10.58
-1.205,-0.4,9.37
-0.743,-0.134,8.266
-0.362,-0.153,7.107
0.231,-0.56,7.073
0.24,-1.087,7.789
0.171,-0.977,8.714
0.367,-0.326,9.693
0.679,0.447,9.672
0.614,1.446,9.217
0.422,1.946,9.214
0.509,1.465,8.51
-0.537,0.904,7.26
-1.835,0.128,7.435
-1.435,-0.975,9.861
-0.583,-1.379,12.007
-0.935,-2.218,12.764
-1.972,-3.801,12.594
-2.499,-4.174,11.028
-3.373,-4.0,9.447
-1.782,-4.879,9.943
-1.035,-5.013,11.883
-1.404,-4.335,10.795
-1.493,-2.754,10.199
-1.378,-1.746,10.769
-0.432,-1.765,11.674
0.216,-2.299,12.074
0.295,-1.985,11.765
0.097,-1.14,10.604
0.116,-0.975,8.879
0.276,-1.341,7.464
-0.23,-1.959,7.382
0.262,-2.318,8.628
1.129,-1.988,10.249
0.719,-1.755,10.422
-0.101,-1.633,9.981
-0.731,-1.387,9.262
-0.257,-0.682,8.975
0.516,-0.86,10.711
1.165,-1.461,12.009
0.794,-2.23,11.605
0.07,-2.34,9.607
-0.966,-1.743,7.107
-1.526,-1.676,6.57
-1.026,-2.199,7.282
-1.095,-2.565,6.978
-2.048,-2.474,6.436
-2.35,-1.777,6.64
-1.414,-0.613,6.966
-1.481,0.155,7.342
-1.675,0.399,9.284
-0.017,0.344,12.419
1.96,0.543,13.3
1.847,0.648,11.035
1.035,-0.34,9.059
0.042,-1.763,9.842
-0.135,-2.788,10.501
0.767,-3.729,11.72
0.207,-4.773,13.236
-1.462,-4.364,13.686
-2.549,-2.445,12.565
-2.695,-1.19,10.539
-2.978,-1.013,10.319
-1.914,-2.158,11.351
-0.81,-3.609,12.225
-1.052,-4.486,12.424
-0.985,-4.902,11.667
-0.772,-4.974,10.019
-1.536,-4.61,8.379
-2.532,-4.15,8.575
-2.259,-3.647,9.653
-1.905,-2.493,9.037
-2.12,-1.497,7.447
-2.683,-1.372,7.449
-2.482,-0.826,7.938
-1.756,-0.251,7.718
-1.375,0.04,7.27
-1.608,0.116,7.217
-1.16,0.43,8.427
-0.281,1.357,10.216
1.208,1.324,12.206
2.259,0.622,12.139
1.905,0.219,9.071
1.416,-0.211,7.488
-0.118,-0.637,7.892
-1.488,-0.711,7.706
-1.627,-0.124,7.342
-1.869,0.471,7.629
-1.675,1.106,7.478
-1.382,1.692,7.2
-1.651,2.226,6.623
-2.261,2.909,6.29
-2.135,3.022,7.679
-0.726,2.229,12.017
1.244,1.561,15.499
1.797,0.66,13.734
1.541,-0.326,10.505
0.288,-1.784,9.727
-0.985,-3.116,10.395
-0.451,-3.528,10.97
-0.659,-4.318,11.399
-2.455,-4.835,12.773
-3.885,-3.935,12.69
-4.618,-2.22,11.08
-5.478,-1.645,9.804
-6.565,-2.096,10.007
-4.987,-3.456,9.844
-3.665,-4.663,11.047
-4.316,-6.234,13.106
-1.871,-5.882,13.643
0.113,-4.218,11.523
-1.294,-3.219,8.752
-2.582,-2.754,7.658
-2.223,-1.978,7.684
-0.911,-0.867,8.369
-0.207,-0.864,8.379
-0.767,-1.243,8.043
-1.871,-0.881,8.68
-1.909,-0.28,9.322
-0.954,0.519,8.561
-0.362,1.379,7.011
-0.427,1.53,6.791
-0.195,0.842,8.326
0.492,0.382,10.175
1.328,-0.141,10.098
1.373,-0.551,9.104
1.277,-0.469,9.466
1.704,-1.085,10.678
1.649,-0.62,9.382
0.6,0.555,7.71
-0.408,1.177,8.268
-1.33,1.146,9.952
-1.224,1.053,10.96
-1.196,1.149,11.772
-1.905,0.823,11.811
-2.142,0.294,11.071
-2.621,-0.158,9.83
-3.279,-1.389,8.374
-3.55,-2.931,7.981
-4.508,-4.328,9.291
-4.649,-5.983,11.152
-3.758,-6.464,11.815
-3.713,-6.462,9.358
-5.097,-5.736,6.805
-4.97,-2.654,6.812
-2.745,-0.874,8.949
-2.235,-1.035,10.117
-3.5,-0.771,9.15
-3.976,-0.776,9.064
-1.747,-0.077,12.524
1.253,1.146,13.332
2.247,1.975,9.83
1.62,2.325,6.879
1.208,2.349,7.739
2.049,2.363,10.321
2.911,2.593,11.76
2.449,1.474,11.296
1.835,0.83,9.375
0.106,1.034,9.023
-0.211,0.665,9.032
0.161,0.555,8.053
-0.657,0.871,7.332
-1.188,0.387,8.304
-0.458,-0.045,9.617
-0.314,0.045,10.072
-0.441,0.1,11.178
0.03,-0.362,13.2
-0.293,-2.448,12.843
-2.537,-3.499,10.067
-4.642,-3.475,8.733
-4.616,-4.117,9.835
-3.849,-5.207,10.987
-4.369,-6.706,11.039
-4.982,-7.283,10.149
-4.479,-5.928,9.006
-4.592,-4.802,8.027
-4.24,-4.34,7.936
-3.167,-3.698,6.987
-3.054,-2.555,6.431
-3.483,-1.856,7.251
-3.085,-2.637,9.583
-2.817,-4.026,9.856
-2.079,-2.457,7.737
-0.98,0.275,7.021
-0.645,1.324,9.076
0.25,1.245,10.932
1.574,1.654,11.581
2.7,2.066,10.862
3.718,2.785,10.053
4.508,3.561,10.867
3.09,3.266,10.201
0.267,2.526,8.534
-1.294,0.722,8.654
-0.23,-0.112,10.556
0.597,0.315,11.162
-0.331,0.239,10.383
-1.553,0.179,9.387
-2.216,0.143,8.41
-2.542,-0.134,7.66
-2.669,-0.306,7.253
-3.057,-1.42,8.266
-2.616,-2.546,11.15
-1.404,-2.404,12.524
-0.875,-2.287,10.898
-1.555,-2.191,9.174
-2.939,-2.103,8.625
-2.992,-2.977,9.459
-2.343,-3.736,9.361
-2.985,-3.722,9.191
-3.282,-3.497,10.438
-2.063,-3.257,12.354
-0.709,-2.737,12.505
-1.579,-2.476,10.608
-2.855,-1.976,8.992
-2.867,-1.413,8.992
-1.083,-1.353,9.871
0.262,-1.341,10.299
0.291,-1.353,11.535
-0.089,-0.869,11.744
-0.23,0.44,9.473
-0.132,0.969,7.794
-0.42,0.742,7.509
-0.949,-0.52,8.793
-0.841,-1.126,10.307
-0.226,-0.1,10.704
-0.408,-0.144,11.095
-0.741,-0.781,10.96
-1.081,-0.829,9.327
-1.414,-1.023,9.253
-1.768,-1.353,10.321
-1.505,-1.708,10.24
-1.564,-2.019,9.157
-1.96,-2.007,7.998
-2.192,-1.921,7.912
-1.974,-1.643,7.708
-1.773,-0.793,7.818
-1.847,-0.625,8.886
-2.015,-0.807,10.565
-1.787,-0.706,10.795
-1.375,-0.457,10.335
-1.133,-0.244,9.674
-0.453,-0.218,9.315
0.389,-0.342,8.781
0.075,-0.551,8.062
-0.695,-1.233,10.201
-0.331,-0.761,11.607
-0.235,-0.141,10.999
-0.726,-0.318,10.754
-1.423,-0.575,10.661
-1.332,-0.132,10.601
-0.64,-0.002,11.856
0.442,-0.627,12.294
0.097,-0.999,10.304
-1.61,-1.212,8.189
-2.269,-1.291,7.634
-1.723,-0.63,8.027
-1.519,-0.469,8.233
-1.608,-0.975,10.141
-1.454,-1.166,12.182
-1.337,-0.218,10.632
-1.2,0.641,8.031
-1.038,0.066,6.992
-1.342,-1.094,6.831
-1.277,-1.734,8.35
-0.621,-2.232,11.018
-0.494,-1.729,11.542
-0.956,-1.257,11.147
-0.894,-1.343,10.889
-1.112,-0.817,9.255
-1.672,-1.638,10.584
-1.275,-2.23,11.186
-1.679,-2.096,10.24
-1.768,-2.467,11.415
-0.812,-3.113,12.589
-0.448,-2.757,11.083
-1.279,-2.148,9.509
-1.84,-1.652,8.927
-1.713,-1.315,8.079
-1.921,-1.475,7.445
-1.857,-1.722,8.383
-1.023,-0.908,9.725
-0.853,-0.493,10.156
-0.31,-0.122,10.347
0.039,0.677,9.418
0.564,1.75,8.819
2.48,1.977,9.282
2.463,1.791,8.23
0.786,1.549,8.712
0.384,1.355,9.073